date,temperature(c),depth(m)
2024-09-30 11:25:07,20.32,2.27
2024-09-30 11:25:08,20.31,2.42
2024-09-30 11:25:09,20.31,2.54
2024-09-30 11:25:10,20.3,2.65
2024-09-30 11:25:11,20.3,3.0
2024-09-30 11:25:12,20.27,3.21
2024-09-30 11:25:13,20.28,3.35
2024-09-30 11:25:14,20.24,3.56
2024-09-30 11:25:15,20.25,3.82
2024-09-30 11:25:16,20.22,4.08
2024-09-30 11:25:17,20.22,4.37
2024-09-30 11:25:18,20.21,4.67
2024-09-30 11:25:19,20.19,5.02
2024-09-30 11:25:20,20.21,5.36
2024-09-30 11:25:21,20.19,5.6
2024-09-30 11:25:22,20.18,5.83
2024-09-30 11:25:23,20.18,6.04
2024-09-30 11:25:24,20.17,6.24
2024-09-30 11:25:25,20.15,6.41
2024-09-30 11:25:26,20.15,6.74
2024-09-30 11:25:27,20.15,6.98
2024-09-30 11:25:28,20.14,7.29
2024-09-30 11:25:29,20.15,7.62
2024-09-30 11:25:30,20.15,7.76
2024-09-30 11:25:31,20.14,7.9
2024-09-30 11:25:32,20.12,8.06
2024-09-30 11:25:33,20.14,8.29
2024-09-30 11:25:34,20.11,8.53
2024-09-30 11:25:35,20.1,8.7
2024-09-30 11:25:36,20.1,8.87
2024-09-30 11:25:37,20.1,9.08
2024-09-30 11:25:38,20.12,9.22
2024-09-30 11:25:39,20.1,9.31
2024-09-30 11:25:40,20.1,9.31
2024-09-30 11:25:41,20.1,9.39
2024-09-30 11:25:42,20.1,9.58
2024-09-30 11:25:43,20.11,9.75
2024-09-30 11:25:44,20.1,9.8
2024-09-30 11:25:45,20.1,9.98
2024-09-30 11:25:46,20.1,10.24
2024-09-30 11:25:47,20.09,10.5
2024-09-30 11:25:48,20.07,10.71
2024-09-30 11:25:49,20.07,10.97
2024-09-30 11:25:50,20.06,11.26
2024-09-30 11:25:51,20.03,11.61
2024-09-30 11:25:52,20.02,11.96
2024-09-30 11:25:53,19.99,12.1
2024-09-30 11:25:54,19.96,12.37
2024-09-30 11:25:55,19.95,12.43
2024-09-30 11:25:56,19.94,12.6
2024-09-30 11:25:57,19.94,12.72
2024-09-30 11:25:58,19.93,12.92
2024-09-30 11:25:59,19.92,12.98
2024-09-30 11:26:00,19.91,13.01
2024-09-30 11:26:01,19.92,13.1
2024-09-30 11:26:02,19.9,13.28
2024-09-30 11:26:03,19.89,13.45
2024-09-30 11:26:04,19.91,13.48
2024-09-30 11:26:05,19.88,13.72
2024-09-30 11:26:06,19.88,13.92
2024-09-30 11:26:07,19.87,14.15
2024-09-30 11:26:08,19.89,14.44
2024-09-30 11:26:09,19.87,14.67
2024-09-30 11:26:10,19.86,14.91
2024-09-30 11:26:11,19.84,15.14
2024-09-30 11:26:12,19.85,15.22
2024-09-30 11:26:13,19.83,15.46
2024-09-30 11:26:14,19.84,15.63
2024-09-30 11:26:15,19.83,15.82
2024-09-30 11:26:16,19.82,16.04
2024-09-30 11:26:17,19.82,16.31
2024-09-30 11:26:18,19.82,16.54
2024-09-30 11:26:19,19.8,16.74
2024-09-30 11:26:20,19.82,16.89
2024-09-30 11:26:21,19.82,17.04
2024-09-30 11:26:22,19.82,17.36
2024-09-30 11:26:23,19.82,17.67
2024-09-30 11:26:24,19.8,17.91
2024-09-30 11:26:25,19.8,18.11
2024-09-30 11:26:26,19.8,18.26
2024-09-30 11:26:27,19.8,18.38
2024-09-30 11:26:28,19.81,18.55
2024-09-30 11:26:29,19.81,18.72
2024-09-30 11:26:30,19.81,18.81
2024-09-30 11:26:31,19.79,18.81
2024-09-30 11:26:32,19.8,18.84
2024-09-30 11:26:33,19.79,18.81
2024-09-30 11:26:34,19.8,18.88
2024-09-30 11:26:35,19.79,18.81
2024-09-30 11:26:36,19.78,18.93
2024-09-30 11:26:37,19.78,18.96
2024-09-30 11:26:38,19.8,19.07
2024-09-30 11:26:39,19.78,19.1
2024-09-30 11:26:40,19.8,19.1
2024-09-30 11:26:41,19.8,19.19
2024-09-30 11:26:42,19.8,19.27
2024-09-30 11:26:43,19.78,19.3
2024-09-30 11:26:44,19.78,19.33
2024-09-30 11:26:45,19.78,19.4
2024-09-30 11:26:46,19.78,19.4
2024-09-30 11:26:47,19.78,19.46
2024-09-30 11:26:48,19.78,19.43
2024-09-30 11:26:49,19.79,19.36
2024-09-30 11:26:50,19.78,19.48
2024-09-30 11:26:51,19.79,19.48
2024-09-30 11:26:52,19.79,19.63
2024-09-30 11:26:53,19.79,19.85
2024-09-30 11:26:54,19.8,20.09
2024-09-30 11:26:55,19.79,20.29
2024-09-30 11:26:56,19.79,20.42
2024-09-30 11:26:57,19.78,20.65
2024-09-30 11:26:58,19.78,20.9
2024-09-30 11:26:59,19.78,21.17
2024-09-30 11:27:00,19.79,21.44
2024-09-30 11:27:01,19.78,21.69
2024-09-30 11:27:02,19.81,21.96
2024-09-30 11:27:03,19.78,22.19
2024-09-30 11:27:04,19.78,22.39
2024-09-30 11:27:05,19.78,22.57
2024-09-30 11:27:06,19.79,22.77
2024-09-30 11:27:07,19.78,22.94
2024-09-30 11:27:08,19.76,23.13
2024-09-30 11:27:09,19.78,23.27
2024-09-30 11:27:10,19.8,23.41
2024-09-30 11:27:11,19.76,23.51
2024-09-30 11:27:12,19.79,23.73
2024-09-30 11:27:13,19.78,23.88
2024-09-30 11:27:14,19.78,23.96
2024-09-30 11:27:15,19.76,24.03
2024-09-30 11:27:16,19.75,24.12
2024-09-30 11:27:17,19.78,24.17
2024-09-30 11:27:18,19.78,24.29
2024-09-30 11:27:19,19.76,24.34
2024-09-30 11:27:20,19.78,24.43
2024-09-30 11:27:21,19.78,24.55
2024-09-30 11:27:22,19.76,24.67
2024-09-30 11:27:23,19.75,24.81
2024-09-30 11:27:24,19.78,25.08
2024-09-30 11:27:25,19.75,25.25
2024-09-30 11:27:26,19.78,25.36
2024-09-30 11:27:27,19.78,25.54
2024-09-30 11:27:28,19.79,25.66
2024-09-30 11:27:29,19.76,25.72
2024-09-30 11:27:30,19.78,25.75
2024-09-30 11:27:31,19.76,25.83
2024-09-30 11:27:32,19.76,25.95
2024-09-30 11:27:33,19.76,26.16
2024-09-30 11:27:34,19.78,26.33
2024-09-30 11:27:35,19.75,26.55
2024-09-30 11:27:36,19.78,26.65
2024-09-30 11:27:37,19.76,26.76
2024-09-30 11:27:38,19.76,26.88
2024-09-30 11:27:39,19.76,27.02
2024-09-30 11:27:40,19.78,27.05
2024-09-30 11:27:41,19.76,27.26
2024-09-30 11:27:42,19.78,27.43
2024-09-30 11:27:43,19.76,27.52
2024-09-30 11:27:44,19.78,27.64
2024-09-30 11:27:45,19.75,27.81
2024-09-30 11:27:46,19.75,27.93
2024-09-30 11:27:47,19.76,28.07
2024-09-30 11:27:48,19.76,28.22
2024-09-30 11:27:49,19.75,28.28
2024-09-30 11:27:50,19.74,28.39
2024-09-30 11:27:51,19.75,28.54
2024-09-30 11:27:52,19.74,28.75
2024-09-30 11:27:53,19.74,28.89
2024-09-30 11:27:54,19.75,29.0
2024-09-30 11:27:55,19.75,29.24
2024-09-30 11:27:56,19.74,29.36
2024-09-30 11:27:57,19.74,29.56
2024-09-30 11:27:58,19.73,29.67
2024-09-30 11:27:59,19.75,29.82
2024-09-30 11:28:00,19.74,29.94
2024-09-30 11:28:01,19.74,30.05
2024-09-30 11:28:02,19.74,30.19
2024-09-30 11:28:03,19.73,30.17
2024-09-30 11:28:04,19.71,30.14
2024-09-30 11:28:05,19.72,30.11
2024-09-30 11:28:06,19.73,30.14
2024-09-30 11:28:07,19.73,30.19
2024-09-30 11:28:08,19.72,30.29
2024-09-30 11:28:09,19.73,30.35
2024-09-30 11:28:10,19.74,30.23
2024-09-30 11:28:11,19.72,30.19
2024-09-30 11:28:12,19.71,30.16
2024-09-30 11:28:13,19.71,30.19
2024-09-30 11:28:14,19.73,30.26
2024-09-30 11:28:15,19.71,30.29
2024-09-30 11:28:16,19.71,30.32
2024-09-30 11:28:17,19.75,30.31
2024-09-30 11:28:18,19.73,30.35
2024-09-30 11:28:19,19.71,30.32
2024-09-30 11:28:20,19.72,30.29
2024-09-30 11:28:21,19.72,30.26
2024-09-30 11:28:22,19.74,30.16
2024-09-30 11:28:23,19.73,30.16
2024-09-30 11:28:24,19.72,30.16
2024-09-30 11:28:25,19.72,30.16
2024-09-30 11:28:26,19.72,30.19
2024-09-30 11:28:27,19.72,30.23
2024-09-30 11:28:28,19.72,30.1
2024-09-30 11:28:29,19.74,30.26
2024-09-30 11:28:30,19.73,30.26
2024-09-30 11:28:31,19.73,30.23
2024-09-30 11:28:32,19.72,30.19
2024-09-30 11:28:33,19.71,30.26
2024-09-30 11:28:34,19.73,30.23
2024-09-30 11:28:35,19.71,30.26
2024-09-30 11:28:36,19.72,30.31
2024-09-30 11:28:37,19.72,30.34
2024-09-30 11:28:38,19.71,30.34
2024-09-30 11:28:39,19.71,30.34
2024-09-30 11:28:40,19.71,30.29
2024-09-30 11:28:41,19.71,30.28
2024-09-30 11:28:42,19.71,30.31
2024-09-30 11:28:43,19.72,30.26
2024-09-30 11:28:44,19.71,30.26
2024-09-30 11:28:45,19.71,30.28
2024-09-30 11:28:46,19.72,30.34
2024-09-30 11:28:47,19.71,30.26
2024-09-30 11:28:48,19.71,30.23
2024-09-30 11:28:49,19.71,30.16
2024-09-30 11:28:50,19.71,30.19
2024-09-30 11:28:51,19.72,30.26
2024-09-30 11:28:52,19.71,30.26
2024-09-30 11:28:53,19.71,30.28
2024-09-30 11:28:54,19.71,30.31
2024-09-30 11:28:55,19.72,30.4
2024-09-30 11:28:56,19.71,30.4
2024-09-30 11:28:57,19.7,30.37
2024-09-30 11:28:58,19.73,30.31
2024-09-30 11:28:59,19.72,30.31
2024-09-30 11:29:00,19.72,30.31
2024-09-30 11:29:01,19.71,30.34
2024-09-30 11:29:02,19.71,30.31
2024-09-30 11:29:03,19.71,30.34
2024-09-30 11:29:04,19.71,30.37
2024-09-30 11:29:05,19.71,30.37
2024-09-30 11:29:06,19.71,30.31
2024-09-30 11:29:07,19.71,30.28
2024-09-30 11:29:08,19.73,30.31
2024-09-30 11:29:09,19.72,30.28
2024-09-30 11:29:10,19.71,30.34
2024-09-30 11:29:11,19.71,30.4
2024-09-30 11:29:12,19.72,30.43
2024-09-30 11:29:13,19.71,30.43
2024-09-30 11:29:14,19.71,30.48
2024-09-30 11:29:15,19.71,30.51
2024-09-30 11:29:16,19.72,30.51
2024-09-30 11:29:17,19.71,30.45
2024-09-30 11:29:18,19.71,30.42
2024-09-30 11:29:19,19.72,30.45
2024-09-30 11:29:20,19.71,30.42
2024-09-30 11:29:21,19.71,30.42
2024-09-30 11:29:22,19.72,30.42
2024-09-30 11:29:23,19.71,30.42
2024-09-30 11:29:24,19.71,30.4
2024-09-30 11:29:25,19.7,30.37
2024-09-30 11:29:26,19.7,30.37
2024-09-30 11:29:27,19.7,30.37
2024-09-30 11:29:28,19.71,30.34
2024-09-30 11:29:29,19.71,30.31
2024-09-30 11:29:30,19.71,30.31
2024-09-30 11:29:31,19.71,30.28
2024-09-30 11:29:32,19.71,30.34
2024-09-30 11:29:33,19.71,30.34
2024-09-30 11:29:34,19.71,30.37
2024-09-30 11:29:35,19.71,30.37
2024-09-30 11:29:36,19.71,30.39
2024-09-30 11:29:37,19.7,30.45
2024-09-30 11:29:38,19.71,30.42
2024-09-30 11:29:39,19.71,30.42
2024-09-30 11:29:40,19.71,30.39
2024-09-30 11:29:41,19.68,30.39
2024-09-30 11:29:42,19.72,30.37
2024-09-30 11:29:43,19.7,30.34
2024-09-30 11:29:44,19.69,30.31
2024-09-30 11:29:45,19.69,30.34
2024-09-30 11:29:46,19.7,30.34
2024-09-30 11:29:47,19.69,30.34
2024-09-30 11:29:48,19.69,30.36
2024-09-30 11:29:49,19.7,30.39
2024-09-30 11:29:50,19.71,30.37
2024-09-30 11:29:51,19.7,30.34
2024-09-30 11:29:52,19.7,30.34
2024-09-30 11:29:53,19.71,30.39
2024-09-30 11:29:54,19.71,30.31
2024-09-30 11:29:55,19.71,30.34
2024-09-30 11:29:56,19.69,30.34
2024-09-30 11:29:57,19.71,30.39
2024-09-30 11:29:58,19.71,30.42
2024-09-30 11:29:59,19.7,30.39
2024-09-30 11:30:00,19.71,30.42
2024-09-30 11:30:01,19.71,30.36
2024-09-30 11:30:02,19.7,30.36
2024-09-30 11:30:03,19.71,30.36
2024-09-30 11:30:04,19.7,30.34
2024-09-30 11:30:05,19.71,30.34
2024-09-30 11:30:06,19.71,30.31
2024-09-30 11:30:07,19.71,30.28
2024-09-30 11:30:08,19.71,30.31
2024-09-30 11:30:09,19.71,30.34
2024-09-30 11:30:10,19.7,30.28
2024-09-30 11:30:11,19.71,30.34
2024-09-30 11:30:12,19.71,30.31
2024-09-30 11:30:13,19.7,30.31
2024-09-30 11:30:14,19.7,30.28
2024-09-30 11:30:15,19.71,30.25
2024-09-30 11:30:16,19.69,30.28
2024-09-30 11:30:17,19.69,30.25
2024-09-30 11:30:18,19.69,30.36
2024-09-30 11:30:19,19.7,30.31
2024-09-30 11:30:20,19.7,30.34
2024-09-30 11:30:21,19.71,30.39
2024-09-30 11:30:22,19.7,30.45
2024-09-30 11:30:23,19.68,30.42
2024-09-30 11:30:24,19.68,30.42
2024-09-30 11:30:25,19.7,30.36
2024-09-30 11:30:26,19.69,30.36
2024-09-30 11:30:27,19.68,30.33
2024-09-30 11:30:28,19.7,30.33
2024-09-30 11:30:29,19.7,30.36
2024-09-30 11:30:30,19.71,30.39
2024-09-30 11:30:31,19.71,30.36
2024-09-30 11:30:32,19.71,30.36
2024-09-30 11:30:33,19.71,30.42
2024-09-30 11:30:34,19.69,30.42
2024-09-30 11:30:35,19.71,30.36
2024-09-30 11:30:36,19.69,30.33
2024-09-30 11:30:37,19.71,30.31
2024-09-30 11:30:38,19.72,30.28
2024-09-30 11:30:39,19.7,30.31
2024-09-30 11:30:40,19.71,30.31
2024-09-30 11:30:41,19.72,30.31
2024-09-30 11:30:42,19.7,30.36
2024-09-30 11:30:43,19.72,30.36
2024-09-30 11:30:44,19.69,30.42
2024-09-30 11:30:45,19.7,30.42
2024-09-30 11:30:46,19.71,30.42
2024-09-30 11:30:47,19.7,30.36
2024-09-30 11:30:48,19.71,30.36
2024-09-30 11:30:49,19.7,30.33
2024-09-30 11:30:50,19.72,30.36
2024-09-30 11:30:51,19.7,30.42
2024-09-30 11:30:52,19.7,30.39
2024-09-30 11:30:53,19.71,30.36
2024-09-30 11:30:54,19.71,30.33
2024-09-30 11:30:55,19.71,30.33
2024-09-30 11:30:56,19.71,30.31
2024-09-30 11:30:57,19.71,30.3
2024-09-30 11:30:58,19.7,30.33
2024-09-30 11:30:59,19.7,30.39
2024-09-30 11:31:00,19.7,30.36
2024-09-30 11:31:01,19.7,30.31
2024-09-30 11:31:02,19.72,30.33
2024-09-30 11:31:03,19.69,30.3
2024-09-30 11:31:04,19.71,30.31
2024-09-30 11:31:05,19.71,30.28
2024-09-30 11:31:06,19.71,30.3
2024-09-30 11:31:07,19.71,30.33
2024-09-30 11:31:08,19.7,30.3
2024-09-30 11:31:09,19.71,30.33
2024-09-30 11:31:10,19.69,30.33
2024-09-30 11:31:11,19.69,30.33
2024-09-30 11:31:12,19.68,30.3
2024-09-30 11:31:13,19.71,30.3
2024-09-30 11:31:14,19.7,30.25
2024-09-30 11:31:15,19.7,30.25
2024-09-30 11:31:16,19.7,30.22
2024-09-30 11:31:17,19.71,30.22
2024-09-30 11:31:18,19.7,30.25
2024-09-30 11:31:19,19.71,30.28
2024-09-30 11:31:20,19.69,30.33
2024-09-30 11:31:21,19.71,30.33
2024-09-30 11:31:22,19.69,30.36
2024-09-30 11:31:23,19.7,30.33
2024-09-30 11:31:24,19.71,30.36
2024-09-30 11:31:25,19.7,30.36
2024-09-30 11:31:26,19.7,30.28
2024-09-30 11:31:27,19.7,30.25
2024-09-30 11:31:28,19.72,30.3
2024-09-30 11:31:29,19.71,30.3
2024-09-30 11:31:30,19.71,30.18
2024-09-30 11:31:31,19.7,30.04
2024-09-30 11:31:32,19.71,29.89
2024-09-30 11:31:33,19.71,29.72
2024-09-30 11:31:34,19.71,29.65
2024-09-30 11:31:35,19.69,29.51
2024-09-30 11:31:36,19.71,29.43
2024-09-30 11:31:37,19.72,29.34
2024-09-30 11:31:38,19.71,29.23
2024-09-30 11:31:39,19.7,29.07
2024-09-30 11:31:40,19.7,28.93
2024-09-30 11:31:41,19.69,28.87
2024-09-30 11:31:42,19.7,28.79
2024-09-30 11:31:43,19.71,28.64
2024-09-30 11:31:44,19.7,28.52
2024-09-30 11:31:45,19.67,28.38
2024-09-30 11:31:46,19.7,28.29
2024-09-30 11:31:47,19.71,28.21
2024-09-30 11:31:48,19.7,28.11
2024-09-30 11:31:49,19.71,28.08
2024-09-30 11:31:50,19.71,27.91
2024-09-30 11:31:51,19.73,27.83
2024-09-30 11:31:52,19.71,27.71
2024-09-30 11:31:53,19.71,27.62
2024-09-30 11:31:54,19.71,27.5
2024-09-30 11:31:55,19.71,27.39
2024-09-30 11:31:56,19.71,27.3
2024-09-30 11:31:57,19.72,27.3
2024-09-30 11:31:58,19.71,27.16
2024-09-30 11:31:59,19.72,26.98
2024-09-30 11:32:00,19.71,26.89
2024-09-30 11:32:01,19.73,26.75
2024-09-30 11:32:02,19.72,26.61
2024-09-30 11:32:03,19.72,26.54
2024-09-30 11:32:04,19.73,26.45
2024-09-30 11:32:05,19.72,26.34
2024-09-30 11:32:06,19.71,26.2
2024-09-30 11:32:07,19.71,26.04
2024-09-30 11:32:08,19.72,25.96
2024-09-30 11:32:09,19.72,25.87
2024-09-30 11:32:10,19.72,25.79
2024-09-30 11:32:11,19.71,25.76
2024-09-30 11:32:12,19.72,25.73
2024-09-30 11:32:13,19.71,25.67
2024-09-30 11:32:14,19.71,25.67
2024-09-30 11:32:15,19.72,25.67
2024-09-30 11:32:16,19.69,25.67
2024-09-30 11:32:17,19.72,25.67
2024-09-30 11:32:18,19.72,25.7
2024-09-30 11:32:19,19.71,25.7
2024-09-30 11:32:20,19.73,25.76
2024-09-30 11:32:21,19.71,25.78
2024-09-30 11:32:22,19.72,25.79
2024-09-30 11:32:23,19.73,25.79
2024-09-30 11:32:24,19.71,25.7
2024-09-30 11:32:25,19.73,25.7
2024-09-30 11:32:26,19.71,25.64
2024-09-30 11:32:27,19.73,25.7
2024-09-30 11:32:28,19.71,25.7
2024-09-30 11:32:29,19.72,25.73
2024-09-30 11:32:30,19.71,25.76
2024-09-30 11:32:31,19.72,25.73
2024-09-30 11:32:32,19.71,25.64
2024-09-30 11:32:33,19.71,25.61
2024-09-30 11:32:34,19.72,25.64
2024-09-30 11:32:35,19.71,25.73
2024-09-30 11:32:36,19.72,25.64
2024-09-30 11:32:37,19.72,25.67
2024-09-30 11:32:38,19.72,25.67
2024-09-30 11:32:39,19.72,25.64
2024-09-30 11:32:40,19.73,25.7
2024-09-30 11:32:41,19.73,25.64
2024-09-30 11:32:42,19.71,25.7
2024-09-30 11:32:43,19.71,25.73
2024-09-30 11:32:44,19.7,25.73
2024-09-30 11:32:45,19.73,25.61
2024-09-30 11:32:46,19.72,25.61
2024-09-30 11:32:47,19.73,25.61
2024-09-30 11:32:48,19.73,25.64
2024-09-30 11:32:49,19.71,25.64
2024-09-30 11:32:50,19.73,25.64
2024-09-30 11:32:51,19.72,25.67
2024-09-30 11:32:52,19.72,25.61
2024-09-30 11:32:53,19.72,25.64
2024-09-30 11:32:54,19.71,25.55
2024-09-30 11:32:55,19.71,25.64
2024-09-30 11:32:56,19.71,25.7
2024-09-30 11:32:57,19.71,25.61
2024-09-30 11:32:58,19.73,25.61
2024-09-30 11:32:59,19.73,25.61
2024-09-30 11:33:00,19.73,25.64
2024-09-30 11:33:01,19.72,25.67
2024-09-30 11:33:02,19.71,25.64
2024-09-30 11:33:03,19.72,25.64
2024-09-30 11:33:04,19.73,25.59
2024-09-30 11:33:05,19.73,25.55
2024-09-30 11:33:06,19.73,25.52
2024-09-30 11:33:07,19.72,25.55
2024-09-30 11:33:08,19.73,25.59
2024-09-30 11:33:09,19.73,25.67
2024-09-30 11:33:10,19.72,25.61
2024-09-30 11:33:11,19.71,25.61
2024-09-30 11:33:12,19.74,25.64
2024-09-30 11:33:13,19.72,25.59
2024-09-30 11:33:14,19.72,25.61
2024-09-30 11:33:15,19.71,25.7
2024-09-30 11:33:16,19.72,25.7
2024-09-30 11:33:17,19.74,25.7
2024-09-30 11:33:18,19.72,25.67
2024-09-30 11:33:19,19.75,25.7
2024-09-30 11:33:20,19.73,25.64
2024-09-30 11:33:21,19.73,25.61
2024-09-30 11:33:22,19.72,25.64
2024-09-30 11:33:23,19.72,25.64
2024-09-30 11:33:24,19.73,25.67
2024-09-30 11:33:25,19.71,25.7
2024-09-30 11:33:26,19.72,25.7
2024-09-30 11:33:27,19.71,25.64
2024-09-30 11:33:28,19.72,25.61
2024-09-30 11:33:29,19.71,25.64
2024-09-30 11:33:30,19.72,25.61
2024-09-30 11:33:31,19.71,25.64
2024-09-30 11:33:32,19.73,25.64
2024-09-30 11:33:33,19.71,25.59
2024-09-30 11:33:34,19.71,25.61
2024-09-30 11:33:35,19.7,25.7
2024-09-30 11:33:36,19.72,25.76
2024-09-30 11:33:37,19.72,25.73
2024-09-30 11:33:38,19.7,25.73
2024-09-30 11:33:39,19.71,25.67
2024-09-30 11:33:40,19.71,25.7
2024-09-30 11:33:41,19.72,25.67
2024-09-30 11:33:42,19.74,25.67
2024-09-30 11:33:43,19.73,25.67
2024-09-30 11:33:44,19.71,25.64
2024-09-30 11:33:45,19.71,25.67
2024-09-30 11:33:46,19.72,25.64
2024-09-30 11:33:47,19.71,25.61
2024-09-30 11:33:48,19.71,25.59
2024-09-30 11:33:49,19.74,25.61
2024-09-30 11:33:50,19.72,25.61
2024-09-30 11:33:51,19.72,25.61
2024-09-30 11:33:52,19.73,25.7
2024-09-30 11:33:53,19.71,25.64
2024-09-30 11:33:54,19.72,25.76
2024-09-30 11:33:55,19.7,25.64
2024-09-30 11:33:56,19.7,25.64
2024-09-30 11:33:57,19.71,25.59
2024-09-30 11:33:58,19.7,25.59
2024-09-30 11:33:59,19.72,25.59
2024-09-30 11:34:00,19.72,25.55
2024-09-30 11:34:01,19.73,25.61
2024-09-30 11:34:02,19.71,25.67
2024-09-30 11:34:03,19.71,25.7
2024-09-30 11:34:04,19.72,25.7
2024-09-30 11:34:05,19.71,25.76
2024-09-30 11:34:06,19.71,25.76
2024-09-30 11:34:07,19.71,25.76
2024-09-30 11:34:08,19.73,25.76
2024-09-30 11:34:09,19.71,25.76
2024-09-30 11:34:10,19.71,25.78
2024-09-30 11:34:11,19.71,25.73
2024-09-30 11:34:12,19.71,25.73
2024-09-30 11:34:13,19.71,25.7
2024-09-30 11:34:14,19.72,25.67
2024-09-30 11:34:15,19.71,25.67
2024-09-30 11:34:16,19.71,25.67
2024-09-30 11:34:17,19.71,25.7
2024-09-30 11:34:18,19.71,25.67
2024-09-30 11:34:19,19.72,25.64
2024-09-30 11:34:20,19.71,25.59
2024-09-30 11:34:21,19.72,25.64
2024-09-30 11:34:22,19.72,25.61
2024-09-30 11:34:23,19.73,25.64
2024-09-30 11:34:24,19.72,25.61
2024-09-30 11:34:25,19.73,25.64
2024-09-30 11:34:26,19.71,25.67
2024-09-30 11:34:27,19.72,25.64
2024-09-30 11:34:28,19.72,25.61
2024-09-30 11:34:29,19.72,25.64
2024-09-30 11:34:30,19.71,25.61
2024-09-30 11:34:31,19.71,25.67
2024-09-30 11:34:32,19.71,25.64
2024-09-30 11:34:33,19.73,25.61
2024-09-30 11:34:34,19.71,25.61
2024-09-30 11:34:35,19.71,25.59
2024-09-30 11:34:36,19.71,25.61
2024-09-30 11:34:37,19.71,25.59
2024-09-30 11:34:38,19.71,25.59
2024-09-30 11:34:39,19.73,25.64
2024-09-30 11:34:40,19.74,25.64
2024-09-30 11:34:41,19.72,25.61
2024-09-30 11:34:42,19.73,25.61
2024-09-30 11:34:43,19.73,25.67
2024-09-30 11:34:44,19.73,25.64
2024-09-30 11:34:45,19.72,25.59
2024-09-30 11:34:46,19.73,25.59
2024-09-30 11:34:47,19.71,25.55
2024-09-30 11:34:48,19.73,25.52
2024-09-30 11:34:49,19.75,25.55
2024-09-30 11:34:50,19.73,25.55
2024-09-30 11:34:51,19.73,25.59
2024-09-30 11:34:52,19.73,25.59
2024-09-30 11:34:53,19.72,25.38
2024-09-30 11:34:54,19.74,25.23
2024-09-30 11:34:55,19.73,25.18
2024-09-30 11:34:56,19.72,25.15
2024-09-30 11:34:57,19.72,25.12
2024-09-30 11:34:58,19.72,24.94
2024-09-30 11:34:59,19.72,24.82
2024-09-30 11:35:00,19.72,24.77
2024-09-30 11:35:01,19.72,24.62
2024-09-30 11:35:02,19.72,24.57
2024-09-30 11:35:03,19.73,24.54
2024-09-30 11:35:04,19.72,24.5
2024-09-30 11:35:05,19.71,24.47
2024-09-30 11:35:06,19.73,24.44
2024-09-30 11:35:07,19.72,24.33
2024-09-30 11:35:08,19.71,24.16
2024-09-30 11:35:09,19.71,24.07
2024-09-30 11:35:10,19.73,24.04
2024-09-30 11:35:11,19.71,24.0
2024-09-30 11:35:12,19.74,23.89
2024-09-30 11:35:13,19.73,23.77
2024-09-30 11:35:14,19.71,23.74
2024-09-30 11:35:15,19.72,23.69
2024-09-30 11:35:16,19.71,23.55
2024-09-30 11:35:17,19.72,23.34
2024-09-30 11:35:18,19.71,23.22
2024-09-30 11:35:19,19.71,23.08
2024-09-30 11:35:20,19.71,22.95
2024-09-30 11:35:21,19.73,22.81
2024-09-30 11:35:22,19.72,22.75
2024-09-30 11:35:23,19.72,22.67
2024-09-30 11:35:24,19.71,22.61
2024-09-30 11:35:25,19.72,22.61
2024-09-30 11:35:26,19.73,22.61
2024-09-30 11:35:27,19.73,22.58
2024-09-30 11:35:28,19.75,22.4
2024-09-30 11:35:29,19.73,22.17
2024-09-30 11:35:30,19.73,22.09
2024-09-30 11:35:31,19.72,22.0
2024-09-30 11:35:32,19.72,21.93
2024-09-30 11:35:33,19.74,21.91
2024-09-30 11:35:34,19.73,21.82
2024-09-30 11:35:35,19.73,21.71
2024-09-30 11:35:36,19.73,21.65
2024-09-30 11:35:37,19.73,21.62
2024-09-30 11:35:38,19.74,21.59
2024-09-30 11:35:39,19.73,21.51
2024-09-30 11:35:40,19.74,21.35
2024-09-30 11:35:41,19.74,21.27
2024-09-30 11:35:42,19.71,21.21
2024-09-30 11:35:43,19.74,21.18
2024-09-30 11:35:44,19.75,21.13
2024-09-30 11:35:45,19.73,21.04
2024-09-30 11:35:46,19.74,20.93
2024-09-30 11:35:47,19.75,20.77
2024-09-30 11:35:48,19.74,20.69
2024-09-30 11:35:49,19.74,20.69
2024-09-30 11:35:50,19.74,20.72
2024-09-30 11:35:51,19.72,20.6
2024-09-30 11:35:52,19.75,20.43
2024-09-30 11:35:53,19.75,20.36
2024-09-30 11:35:54,19.72,20.25
2024-09-30 11:35:55,19.75,20.08
2024-09-30 11:35:56,19.72,19.99
2024-09-30 11:35:57,19.72,19.93
2024-09-30 11:35:58,19.74,19.87
2024-09-30 11:35:59,19.74,19.78
2024-09-30 11:36:00,19.73,19.75
2024-09-30 11:36:01,19.74,19.78
2024-09-30 11:36:02,19.75,19.7
2024-09-30 11:36:03,19.75,19.72
2024-09-30 11:36:04,19.76,19.7
2024-09-30 11:36:05,19.73,19.7
2024-09-30 11:36:06,19.75,19.72
2024-09-30 11:36:07,19.74,19.72
2024-09-30 11:36:08,19.74,19.75
2024-09-30 11:36:09,19.73,19.78
2024-09-30 11:36:10,19.75,19.81
2024-09-30 11:36:11,19.75,19.78
2024-09-30 11:36:12,19.75,19.72
2024-09-30 11:36:13,19.74,19.72
2024-09-30 11:36:14,19.73,19.7
2024-09-30 11:36:15,19.74,19.7
2024-09-30 11:36:16,19.72,19.64
2024-09-30 11:36:17,19.74,19.64
2024-09-30 11:36:18,19.75,19.67
2024-09-30 11:36:19,19.73,19.72
2024-09-30 11:36:20,19.73,19.7
2024-09-30 11:36:21,19.75,19.67
2024-09-30 11:36:22,19.75,19.67
2024-09-30 11:36:23,19.74,19.7
2024-09-30 11:36:24,19.74,19.64
2024-09-30 11:36:25,19.75,19.67
2024-09-30 11:36:26,19.73,19.61
2024-09-30 11:36:27,19.75,19.58
2024-09-30 11:36:28,19.74,19.61
2024-09-30 11:36:29,19.75,19.58
2024-09-30 11:36:30,19.74,19.58
2024-09-30 11:36:31,19.75,19.58
2024-09-30 11:36:32,19.75,19.58
2024-09-30 11:36:33,19.75,19.64
2024-09-30 11:36:34,19.75,19.64
2024-09-30 11:36:35,19.74,19.55
2024-09-30 11:36:36,19.74,19.55
2024-09-30 11:36:37,19.75,19.58
2024-09-30 11:36:38,19.74,19.55
2024-09-30 11:36:39,19.75,19.55
2024-09-30 11:36:40,19.74,19.58
2024-09-30 11:36:41,19.76,19.61
2024-09-30 11:36:42,19.75,19.64
2024-09-30 11:36:43,19.75,19.7
2024-09-30 11:36:44,19.73,19.67
2024-09-30 11:36:45,19.73,19.64
2024-09-30 11:36:46,19.74,19.58
2024-09-30 11:36:47,19.74,19.58
2024-09-30 11:36:48,19.75,19.58
2024-09-30 11:36:49,19.75,19.58
2024-09-30 11:36:50,19.75,19.58
2024-09-30 11:36:51,19.72,19.67
2024-09-30 11:36:52,19.73,19.7
2024-09-30 11:36:53,19.75,19.72
2024-09-30 11:36:54,19.73,19.75
2024-09-30 11:36:55,19.75,19.75
2024-09-30 11:36:56,19.75,19.75
2024-09-30 11:36:57,19.75,19.7
2024-09-30 11:36:58,19.73,19.55
2024-09-30 11:36:59,19.75,19.64
2024-09-30 11:37:00,19.74,19.67
2024-09-30 11:37:01,19.73,19.67
2024-09-30 11:37:02,19.75,19.67
2024-09-30 11:37:03,19.75,19.7
2024-09-30 11:37:04,19.75,19.72
2024-09-30 11:37:05,19.74,19.73
2024-09-30 11:37:06,19.74,19.72
2024-09-30 11:37:07,19.75,19.75
2024-09-30 11:37:08,19.74,19.75
2024-09-30 11:37:09,19.73,19.73
2024-09-30 11:37:10,19.73,19.73
2024-09-30 11:37:11,19.75,19.67
2024-09-30 11:37:12,19.75,19.67
2024-09-30 11:37:13,19.75,19.7
2024-09-30 11:37:14,19.73,19.7
2024-09-30 11:37:15,19.74,19.72
2024-09-30 11:37:16,19.74,19.7
2024-09-30 11:37:17,19.75,19.7
2024-09-30 11:37:18,19.75,19.67
2024-09-30 11:37:19,19.75,19.7
2024-09-30 11:37:20,19.74,19.64
2024-09-30 11:37:21,19.75,19.61
2024-09-30 11:37:22,19.73,19.64
2024-09-30 11:37:23,19.73,19.7
2024-09-30 11:37:24,19.75,19.72
2024-09-30 11:37:25,19.74,19.78
2024-09-30 11:37:26,19.75,19.75
2024-09-30 11:37:27,19.74,19.7
2024-09-30 11:37:28,19.75,19.64
2024-09-30 11:37:29,19.72,19.55
2024-09-30 11:37:30,19.75,19.5
2024-09-30 11:37:31,19.75,19.52
2024-09-30 11:37:32,19.75,19.52
2024-09-30 11:37:33,19.75,19.58
2024-09-30 11:37:34,19.75,19.58
2024-09-30 11:37:35,19.75,19.58
2024-09-30 11:37:36,19.75,19.52
2024-09-30 11:37:37,19.78,19.55
2024-09-30 11:37:38,19.74,19.55
2024-09-30 11:37:39,19.75,19.55
2024-09-30 11:37:40,19.74,19.64
2024-09-30 11:37:41,19.75,19.61
2024-09-30 11:37:42,19.75,19.67
2024-09-30 11:37:43,19.75,19.67
2024-09-30 11:37:44,19.75,19.67
2024-09-30 11:37:45,19.75,19.67
2024-09-30 11:37:46,19.74,19.67
2024-09-30 11:37:47,19.75,19.58
2024-09-30 11:37:48,19.75,19.55
2024-09-30 11:37:49,19.74,19.58
2024-09-30 11:37:50,19.75,19.64
2024-09-30 11:37:51,19.75,19.67
2024-09-30 11:37:52,19.74,19.7
2024-09-30 11:37:53,19.75,19.67
2024-09-30 11:37:54,19.74,19.64
2024-09-30 11:37:55,19.74,19.72
2024-09-30 11:37:56,19.73,19.72
2024-09-30 11:37:57,19.75,19.78
2024-09-30 11:37:58,19.76,19.81
2024-09-30 11:37:59,19.74,19.84
2024-09-30 11:38:00,19.75,19.78
2024-09-30 11:38:01,19.75,19.75
2024-09-30 11:38:02,19.74,19.78
2024-09-30 11:38:03,19.74,19.81
2024-09-30 11:38:04,19.75,19.75
2024-09-30 11:38:05,19.75,19.72
2024-09-30 11:38:06,19.75,19.75
2024-09-30 11:38:07,19.74,19.72
2024-09-30 11:38:08,19.74,19.72
2024-09-30 11:38:09,19.75,19.7
2024-09-30 11:38:10,19.74,19.72
2024-09-30 11:38:11,19.74,19.67
2024-09-30 11:38:12,19.74,19.7
2024-09-30 11:38:13,19.76,19.67
2024-09-30 11:38:14,19.73,19.64
2024-09-30 11:38:15,19.74,19.55
2024-09-30 11:38:16,19.75,19.52
2024-09-30 11:38:17,19.75,19.53
2024-09-30 11:38:18,19.73,19.67
2024-09-30 11:38:19,19.76,19.67
2024-09-30 11:38:20,19.74,19.7
2024-09-30 11:38:21,19.75,19.75
2024-09-30 11:38:22,19.75,19.72
2024-09-30 11:38:23,19.73,19.7
2024-09-30 11:38:24,19.75,19.72
2024-09-30 11:38:25,19.73,19.67
2024-09-30 11:38:26,19.76,19.7
2024-09-30 11:38:27,19.73,19.67
2024-09-30 11:38:28,19.74,19.64
2024-09-30 11:38:29,19.75,19.67
2024-09-30 11:38:30,19.74,19.7
2024-09-30 11:38:31,19.75,19.67
2024-09-30 11:38:32,19.73,19.64
2024-09-30 11:38:33,19.74,19.64
2024-09-30 11:38:34,19.75,19.61
2024-09-30 11:38:35,19.75,19.61
2024-09-30 11:38:36,19.75,19.55
2024-09-30 11:38:37,19.74,19.5
2024-09-30 11:38:38,19.76,19.41
2024-09-30 11:38:39,19.75,19.29
2024-09-30 11:38:40,19.75,19.26
2024-09-30 11:38:41,19.74,19.23
2024-09-30 11:38:42,19.75,19.2
2024-09-30 11:38:43,19.74,19.09
2024-09-30 11:38:44,19.75,18.76
2024-09-30 11:38:45,19.75,18.68
2024-09-30 11:38:46,19.75,18.59
2024-09-30 11:38:47,19.75,18.51
2024-09-30 11:38:48,19.74,18.42
2024-09-30 11:38:49,19.75,18.42
2024-09-30 11:38:50,19.73,18.42
2024-09-30 11:38:51,19.75,18.42
2024-09-30 11:38:52,19.75,18.32
2024-09-30 11:38:53,19.75,18.15
2024-09-30 11:38:54,19.74,18.07
2024-09-30 11:38:55,19.75,17.98
2024-09-30 11:38:56,19.75,17.95
2024-09-30 11:38:57,19.75,18.01
2024-09-30 11:38:58,19.74,17.92
2024-09-30 11:38:59,19.76,17.87
2024-09-30 11:39:00,19.73,17.77
2024-09-30 11:39:01,19.74,17.71
2024-09-30 11:39:02,19.75,17.69
2024-09-30 11:39:03,19.75,17.54
2024-09-30 11:39:04,19.75,17.43
2024-09-30 11:39:05,19.73,17.28
2024-09-30 11:39:06,19.74,17.25
2024-09-30 11:39:07,19.76,17.13
2024-09-30 11:39:08,19.74,17.02
2024-09-30 11:39:09,19.74,16.96
2024-09-30 11:39:10,19.75,16.93
2024-09-30 11:39:11,19.74,16.88
2024-09-30 11:39:12,19.76,16.88
2024-09-30 11:39:13,19.75,16.75
2024-09-30 11:39:14,19.75,16.67
2024-09-30 11:39:15,19.75,16.49
2024-09-30 11:39:16,19.75,16.41
2024-09-30 11:39:17,19.75,16.3
2024-09-30 11:39:18,19.75,16.2
2024-09-30 11:39:19,19.76,16.17
2024-09-30 11:39:20,19.74,16.2
2024-09-30 11:39:21,19.76,16.17
2024-09-30 11:39:22,19.75,16.17
2024-09-30 11:39:23,19.75,16.11
2024-09-30 11:39:24,19.76,16.06
2024-09-30 11:39:25,19.75,16.0
2024-09-30 11:39:26,19.75,15.97
2024-09-30 11:39:27,19.75,15.91
2024-09-30 11:39:28,19.75,15.91
2024-09-30 11:39:29,19.74,15.89
2024-09-30 11:39:30,19.75,15.83
2024-09-30 11:39:31,19.76,15.77
2024-09-30 11:39:32,19.75,15.83
2024-09-30 11:39:33,19.76,15.77
2024-09-30 11:39:34,19.75,15.8
2024-09-30 11:39:35,19.75,15.77
2024-09-30 11:39:36,19.78,15.68
2024-09-30 11:39:37,19.72,15.73
2024-09-30 11:39:38,19.75,15.7
2024-09-30 11:39:39,19.75,15.7
2024-09-30 11:39:40,19.75,15.65
2024-09-30 11:39:41,19.75,15.7
2024-09-30 11:39:42,19.73,15.73
2024-09-30 11:39:43,19.75,15.7
2024-09-30 11:39:44,19.75,15.68
2024-09-30 11:39:45,19.75,15.65
2024-09-30 11:39:46,19.74,15.56
2024-09-30 11:39:47,19.75,15.53
2024-09-30 11:39:48,19.78,15.5
2024-09-30 11:39:49,19.74,15.48
2024-09-30 11:39:50,19.76,15.48
2024-09-30 11:39:51,19.76,15.48
2024-09-30 11:39:52,19.76,15.45
2024-09-30 11:39:53,19.75,15.5
2024-09-30 11:39:54,19.78,15.62
2024-09-30 11:39:55,19.78,15.73
2024-09-30 11:39:56,19.76,15.8
2024-09-30 11:39:57,19.75,15.77
2024-09-30 11:39:58,19.76,15.73
2024-09-30 11:39:59,19.75,15.73
2024-09-30 11:40:00,19.75,15.83
2024-09-30 11:40:01,19.75,15.86
2024-09-30 11:40:02,19.75,15.97
2024-09-30 11:40:03,19.76,16.08
2024-09-30 11:40:04,19.75,16.3
2024-09-30 11:40:05,19.74,16.44
2024-09-30 11:40:06,19.74,16.41
2024-09-30 11:40:07,19.75,16.55
2024-09-30 11:40:08,19.75,16.72
2024-09-30 11:40:09,19.75,16.85
2024-09-30 11:40:10,19.75,16.93
2024-09-30 11:40:11,19.76,17.02
2024-09-30 11:40:12,19.74,17.1
2024-09-30 11:40:13,19.75,17.16
2024-09-30 11:40:14,19.75,17.22
2024-09-30 11:40:15,19.75,17.19
2024-09-30 11:40:16,19.75,17.19
2024-09-30 11:40:17,19.74,17.16
2024-09-30 11:40:18,19.78,17.08
2024-09-30 11:40:19,19.75,16.96
2024-09-30 11:40:20,19.75,16.99
2024-09-30 11:40:21,19.74,16.93
2024-09-30 11:40:22,19.74,16.96
2024-09-30 11:40:23,19.74,16.93
2024-09-30 11:40:24,19.74,16.88
2024-09-30 11:40:25,19.75,16.82
2024-09-30 11:40:26,19.73,16.72
2024-09-30 11:40:27,19.75,16.47
2024-09-30 11:40:28,19.75,16.29
2024-09-30 11:40:29,19.75,16.2
2024-09-30 11:40:30,19.76,16.03
2024-09-30 11:40:31,19.75,15.91
2024-09-30 11:40:32,19.75,15.77
2024-09-30 11:40:33,19.74,15.68
2024-09-30 11:40:34,19.78,15.62
2024-09-30 11:40:35,19.74,15.59
2024-09-30 11:40:36,19.75,15.53
2024-09-30 11:40:37,19.74,15.53
2024-09-30 11:40:38,19.75,15.62
2024-09-30 11:40:39,19.75,15.56
2024-09-30 11:40:40,19.76,15.56
2024-09-30 11:40:41,19.75,15.59
2024-09-30 11:40:42,19.73,15.59
2024-09-30 11:40:43,19.74,15.5
2024-09-30 11:40:44,19.75,15.53
2024-09-30 11:40:45,19.75,15.56
2024-09-30 11:40:46,19.75,15.59
2024-09-30 11:40:47,19.75,15.53
2024-09-30 11:40:48,19.75,15.5
2024-09-30 11:40:49,19.75,15.5
2024-09-30 11:40:50,19.76,15.45
2024-09-30 11:40:51,19.75,15.45
2024-09-30 11:40:52,19.78,15.56
2024-09-30 11:40:53,19.74,15.59
2024-09-30 11:40:54,19.75,15.56
2024-09-30 11:40:55,19.76,15.56
2024-09-30 11:40:56,19.76,15.56
2024-09-30 11:40:57,19.75,15.59
2024-09-30 11:40:58,19.73,15.62
2024-09-30 11:40:59,19.74,15.59
2024-09-30 11:41:00,19.76,15.59
2024-09-30 11:41:01,19.75,15.62
2024-09-30 11:41:02,19.75,15.65
2024-09-30 11:41:03,19.75,15.68
2024-09-30 11:41:04,19.76,15.62
2024-09-30 11:41:05,19.75,15.56
2024-09-30 11:41:06,19.75,15.5
2024-09-30 11:41:07,19.74,15.48
2024-09-30 11:41:08,19.75,15.56
2024-09-30 11:41:09,19.75,15.59
2024-09-30 11:41:10,19.75,15.59
2024-09-30 11:41:11,19.75,15.59
2024-09-30 11:41:12,19.78,15.56
2024-09-30 11:41:13,19.75,15.56
2024-09-30 11:41:14,19.75,15.53
2024-09-30 11:41:15,19.75,15.5
2024-09-30 11:41:16,19.75,15.42
2024-09-30 11:41:17,19.74,15.42
2024-09-30 11:41:18,19.75,15.48
2024-09-30 11:41:19,19.75,15.56
2024-09-30 11:41:20,19.76,15.53
2024-09-30 11:41:21,19.74,15.53
2024-09-30 11:41:22,19.73,15.48
2024-09-30 11:41:23,19.75,15.45
2024-09-30 11:41:24,19.75,15.39
2024-09-30 11:41:25,19.74,15.39
2024-09-30 11:41:26,19.75,15.39
2024-09-30 11:41:27,19.75,15.48
2024-09-30 11:41:28,19.75,15.5
2024-09-30 11:41:29,19.76,15.56
2024-09-30 11:41:30,19.75,15.56
2024-09-30 11:41:31,19.75,15.56
2024-09-30 11:41:32,19.74,15.5
2024-09-30 11:41:33,19.75,15.42
2024-09-30 11:41:34,19.75,15.36
2024-09-30 11:41:35,19.75,15.42
2024-09-30 11:41:36,19.75,15.45
2024-09-30 11:41:37,19.75,15.45
2024-09-30 11:41:38,19.75,15.45
2024-09-30 11:41:39,19.74,15.42
2024-09-30 11:41:40,19.75,15.39
2024-09-30 11:41:41,19.75,15.33
2024-09-30 11:41:42,19.74,15.39
2024-09-30 11:41:43,19.76,15.39
2024-09-30 11:41:44,19.75,15.42
2024-09-30 11:41:45,19.72,15.42
2024-09-30 11:41:46,19.75,15.45
2024-09-30 11:41:47,19.76,15.42
2024-09-30 11:41:48,19.75,15.42
2024-09-30 11:41:49,19.75,15.42
2024-09-30 11:41:50,19.75,15.45
2024-09-30 11:41:51,19.74,15.48
2024-09-30 11:41:52,19.75,15.48
2024-09-30 11:41:53,19.74,15.48
2024-09-30 11:41:54,19.75,15.5
2024-09-30 11:41:55,19.76,15.5
2024-09-30 11:41:56,19.75,15.48
2024-09-30 11:41:57,19.76,15.36
2024-09-30 11:41:58,19.76,15.39
2024-09-30 11:41:59,19.78,15.36
2024-09-30 11:42:00,19.75,15.39
2024-09-30 11:42:01,19.78,15.39
2024-09-30 11:42:02,19.78,15.48
2024-09-30 11:42:03,19.78,15.48
2024-09-30 11:42:04,19.76,15.45
2024-09-30 11:42:05,19.78,15.42
2024-09-30 11:42:06,19.78,15.42
2024-09-30 11:42:07,19.79,15.39
2024-09-30 11:42:08,19.78,15.39
2024-09-30 11:42:09,19.78,15.39
2024-09-30 11:42:10,19.78,15.39
2024-09-30 11:42:11,19.76,15.36
2024-09-30 11:42:12,19.78,15.3
2024-09-30 11:42:13,19.75,15.33
2024-09-30 11:42:14,19.8,15.28
2024-09-30 11:42:15,19.79,15.3
2024-09-30 11:42:16,19.78,15.3
2024-09-30 11:42:17,19.78,15.3
2024-09-30 11:42:18,19.78,15.36
2024-09-30 11:42:19,19.79,15.39
2024-09-30 11:42:20,19.78,15.42
2024-09-30 11:42:21,19.79,15.42
2024-09-30 11:42:22,19.78,15.39
2024-09-30 11:42:23,19.79,15.33
2024-09-30 11:42:24,19.78,15.3
2024-09-30 11:42:25,19.79,15.3
2024-09-30 11:42:26,19.79,15.33
2024-09-30 11:42:27,19.79,15.39
2024-09-30 11:42:28,19.75,15.39
2024-09-30 11:42:29,19.78,15.36
2024-09-30 11:42:30,19.8,15.3
2024-09-30 11:42:31,19.79,15.3
2024-09-30 11:42:32,19.8,15.3
2024-09-30 11:42:33,19.79,15.28
2024-09-30 11:42:34,19.78,15.28
2024-09-30 11:42:35,19.8,15.25
2024-09-30 11:42:36,19.79,15.28
2024-09-30 11:42:37,19.82,15.28
2024-09-30 11:42:38,19.81,15.25
2024-09-30 11:42:39,19.82,15.25
2024-09-30 11:42:40,19.82,15.28
2024-09-30 11:42:41,19.82,15.28
2024-09-30 11:42:42,19.82,15.33
2024-09-30 11:42:43,19.82,15.36
2024-09-30 11:42:44,19.82,15.33
2024-09-30 11:42:45,19.81,15.33
2024-09-30 11:42:46,19.8,15.3
2024-09-30 11:42:47,19.82,15.21
2024-09-30 11:42:48,19.81,15.28
2024-09-30 11:42:49,19.82,15.15
2024-09-30 11:42:50,19.82,15.07
2024-09-30 11:42:51,19.83,14.92
2024-09-30 11:42:52,19.84,14.81
2024-09-30 11:42:53,19.85,14.75
2024-09-30 11:42:54,19.82,14.75
2024-09-30 11:42:55,19.85,14.78
2024-09-30 11:42:56,19.83,14.71
2024-09-30 11:42:57,19.85,14.69
2024-09-30 11:42:58,19.82,14.66
2024-09-30 11:42:59,19.84,14.63
2024-09-30 11:43:00,19.82,14.54
2024-09-30 11:43:01,19.84,14.43
2024-09-30 11:43:02,19.84,14.37
2024-09-30 11:43:03,19.83,14.43
2024-09-30 11:43:04,19.82,14.02
2024-09-30 11:43:05,19.82,13.85
2024-09-30 11:43:06,19.83,13.67
2024-09-30 11:43:07,19.85,13.67
2024-09-30 11:43:08,19.84,13.55
2024-09-30 11:43:09,19.85,13.38
2024-09-30 11:43:10,19.82,13.27
2024-09-30 11:43:11,19.85,13.14
2024-09-30 11:43:12,19.85,13.06
2024-09-30 11:43:13,19.83,12.91
2024-09-30 11:43:14,19.85,12.8
2024-09-30 11:43:15,19.84,12.71
2024-09-30 11:43:16,19.84,12.59
2024-09-30 11:43:17,19.86,12.45
2024-09-30 11:43:18,19.85,12.3
2024-09-30 11:43:19,19.85,12.22
2024-09-30 11:43:20,19.85,12.19
2024-09-30 11:43:21,19.86,12.04
2024-09-30 11:43:22,19.85,11.98
2024-09-30 11:43:23,19.85,11.89
2024-09-30 11:43:24,19.86,11.92
2024-09-30 11:43:25,19.86,11.95
2024-09-30 11:43:26,19.87,12.01
2024-09-30 11:43:27,19.88,11.95
2024-09-30 11:43:28,19.86,11.92
2024-09-30 11:43:29,19.87,11.87
2024-09-30 11:43:30,19.87,11.78
2024-09-30 11:43:31,19.87,11.69
2024-09-30 11:43:32,19.87,11.69
2024-09-30 11:43:33,19.86,11.67
2024-09-30 11:43:34,19.87,11.6
2024-09-30 11:43:35,19.88,11.51
2024-09-30 11:43:36,19.87,11.48
2024-09-30 11:43:37,19.86,11.48
2024-09-30 11:43:38,19.86,11.43
2024-09-30 11:43:39,19.87,11.43
2024-09-30 11:43:40,19.89,11.46
2024-09-30 11:43:41,19.87,11.48
2024-09-30 11:43:42,19.86,11.54
2024-09-30 11:43:43,19.87,11.6
2024-09-30 11:43:44,19.89,11.6
2024-09-30 11:43:45,19.88,11.67
2024-09-30 11:43:46,19.86,11.72
2024-09-30 11:43:47,19.89,11.75
2024-09-30 11:43:48,19.89,11.72
2024-09-30 11:43:49,19.88,11.81
2024-09-30 11:43:50,19.89,11.89
2024-09-30 11:43:51,19.88,11.92
2024-09-30 11:43:52,19.87,12.01
2024-09-30 11:43:53,19.87,11.98
2024-09-30 11:43:54,19.87,11.98
2024-09-30 11:43:55,19.86,12.01
2024-09-30 11:43:56,19.88,11.92
2024-09-30 11:43:57,19.88,11.87
2024-09-30 11:43:58,19.87,11.72
2024-09-30 11:43:59,19.89,11.64
2024-09-30 11:44:00,19.89,11.57
2024-09-30 11:44:01,19.87,11.48
2024-09-30 11:44:02,19.87,11.51
2024-09-30 11:44:03,19.86,11.48
2024-09-30 11:44:04,19.89,11.51
2024-09-30 11:44:05,19.89,11.51
2024-09-30 11:44:06,19.89,11.54
2024-09-30 11:44:07,19.88,11.64
2024-09-30 11:44:08,19.9,11.64
2024-09-30 11:44:09,19.91,11.75
2024-09-30 11:44:10,19.91,11.75
2024-09-30 11:44:11,19.89,11.75
2024-09-30 11:44:12,19.88,11.72
2024-09-30 11:44:13,19.88,11.67
2024-09-30 11:44:14,19.88,11.69
2024-09-30 11:44:15,19.88,11.69
2024-09-30 11:44:16,19.89,11.6
2024-09-30 11:44:17,19.88,11.54
2024-09-30 11:44:18,19.88,11.54
2024-09-30 11:44:19,19.88,11.37
2024-09-30 11:44:20,19.89,11.29
2024-09-30 11:44:21,19.9,11.2
2024-09-30 11:44:22,19.89,11.11
2024-09-30 11:44:23,19.91,11.05
2024-09-30 11:44:24,19.92,11.02
2024-09-30 11:44:25,19.91,11.02
2024-09-30 11:44:26,19.92,11.11
2024-09-30 11:44:27,19.92,11.11
2024-09-30 11:44:28,19.93,11.08
2024-09-30 11:44:29,19.92,11.02
2024-09-30 11:44:30,19.92,10.99
2024-09-30 11:44:31,19.91,10.99
2024-09-30 11:44:32,19.92,11.05
2024-09-30 11:44:33,19.92,11.11
2024-09-30 11:44:34,19.92,11.11
2024-09-30 11:44:35,19.91,11.14
2024-09-30 11:44:36,19.93,11.02
2024-09-30 11:44:37,19.91,11.05
2024-09-30 11:44:38,19.91,11.05
2024-09-30 11:44:39,19.93,11.08
2024-09-30 11:44:40,19.91,11.08
2024-09-30 11:44:41,19.89,11.17
2024-09-30 11:44:42,19.92,11.08
2024-09-30 11:44:43,19.92,11.08
2024-09-30 11:44:44,19.92,11.11
2024-09-30 11:44:45,19.92,11.11
2024-09-30 11:44:46,19.92,11.11
2024-09-30 11:44:47,19.93,11.08
2024-09-30 11:44:48,19.94,11.05
2024-09-30 11:44:49,19.92,11.05
2024-09-30 11:44:50,19.92,11.08
2024-09-30 11:44:51,19.92,11.05
2024-09-30 11:44:52,19.92,11.05
2024-09-30 11:44:53,19.91,11.02
2024-09-30 11:44:54,19.93,11.02
2024-09-30 11:44:55,19.92,11.05
2024-09-30 11:44:56,19.92,11.08
2024-09-30 11:44:57,19.91,10.99
2024-09-30 11:44:58,19.92,10.93
2024-09-30 11:44:59,19.93,10.93
2024-09-30 11:45:00,19.94,10.93
2024-09-30 11:45:01,19.93,11.02
2024-09-30 11:45:02,19.92,11.14
2024-09-30 11:45:03,19.91,11.14
2024-09-30 11:45:04,19.92,11.08
2024-09-30 11:45:05,19.92,11.05
2024-09-30 11:45:06,19.92,11.05
2024-09-30 11:45:07,19.92,11.05
2024-09-30 11:45:08,19.91,11.11
2024-09-30 11:45:09,19.92,11.08
2024-09-30 11:45:10,19.92,11.08
2024-09-30 11:45:11,19.91,11.2
2024-09-30 11:45:12,19.92,11.23
2024-09-30 11:45:13,19.92,11.2
2024-09-30 11:45:14,19.93,11.2
2024-09-30 11:45:15,19.92,11.11
2024-09-30 11:45:16,19.92,11.11
2024-09-30 11:45:17,19.92,11.11
2024-09-30 11:45:18,19.93,11.11
2024-09-30 11:45:19,19.94,11.14
2024-09-30 11:45:20,19.92,11.11
2024-09-30 11:45:21,19.93,11.02
2024-09-30 11:45:22,19.94,10.96
2024-09-30 11:45:23,19.92,10.9
2024-09-30 11:45:24,19.93,10.93
2024-09-30 11:45:25,19.94,11.02
2024-09-30 11:45:26,19.94,11.14
2024-09-30 11:45:27,19.92,11.14
2024-09-30 11:45:28,19.92,11.14
2024-09-30 11:45:29,19.92,11.14
2024-09-30 11:45:30,19.93,11.11
2024-09-30 11:45:31,19.92,11.05
2024-09-30 11:45:32,19.92,10.99
2024-09-30 11:45:33,19.93,11.02
2024-09-30 11:45:34,19.93,11.02
2024-09-30 11:45:35,19.93,10.99
2024-09-30 11:45:36,19.91,10.96
2024-09-30 11:45:37,19.94,10.88
2024-09-30 11:45:38,19.94,10.88
2024-09-30 11:45:39,19.93,10.85
2024-09-30 11:45:40,19.93,10.88
2024-09-30 11:45:41,19.96,10.93
2024-09-30 11:45:42,19.93,10.99
2024-09-30 11:45:43,19.93,11.05
2024-09-30 11:45:44,19.95,11.05
2024-09-30 11:45:45,19.94,10.96
2024-09-30 11:45:46,19.92,10.99
2024-09-30 11:45:47,19.94,10.9
2024-09-30 11:45:48,19.93,10.88
2024-09-30 11:45:49,19.93,10.88
2024-09-30 11:45:50,19.92,10.88
2024-09-30 11:45:51,19.95,10.88
2024-09-30 11:45:52,19.93,10.88
2024-09-30 11:45:53,19.93,10.88
2024-09-30 11:45:54,19.92,10.85
2024-09-30 11:45:55,19.94,10.82
2024-09-30 11:45:56,19.92,10.82
2024-09-30 11:45:57,19.92,10.82
2024-09-30 11:45:58,19.94,10.9
2024-09-30 11:45:59,19.94,10.96
2024-09-30 11:46:00,19.93,10.96
2024-09-30 11:46:01,19.92,10.96
2024-09-30 11:46:02,19.92,10.88
2024-09-30 11:46:03,19.93,10.82
2024-09-30 11:46:04,19.94,10.76
2024-09-30 11:46:05,19.92,10.82
2024-09-30 11:46:06,19.94,10.88
2024-09-30 11:46:07,19.94,10.96
2024-09-30 11:46:08,19.94,10.93
2024-09-30 11:46:09,19.93,10.9
2024-09-30 11:46:10,19.93,10.88
2024-09-30 11:46:11,19.95,10.85
2024-09-30 11:46:12,19.94,10.85
2024-09-30 11:46:13,19.92,10.88
2024-09-30 11:46:14,19.93,10.88
2024-09-30 11:46:15,19.92,10.88
2024-09-30 11:46:16,19.94,10.85
2024-09-30 11:46:17,19.92,10.85
2024-09-30 11:46:18,19.93,10.88
2024-09-30 11:46:19,19.96,10.82
2024-09-30 11:46:20,19.95,10.85
2024-09-30 11:46:21,19.94,10.88
2024-09-30 11:46:22,19.94,10.88
2024-09-30 11:46:23,19.93,10.9
2024-09-30 11:46:24,19.95,10.88
2024-09-30 11:46:25,19.92,10.88
2024-09-30 11:46:26,19.94,10.93
2024-09-30 11:46:27,19.93,10.9
2024-09-30 11:46:28,19.92,10.88
2024-09-30 11:46:29,19.94,10.9
2024-09-30 11:46:30,19.94,10.79
2024-09-30 11:46:31,19.94,10.73
2024-09-30 11:46:32,19.95,10.73
2024-09-30 11:46:33,19.95,10.65
2024-09-30 11:46:34,19.95,10.68
2024-09-30 11:46:35,19.96,10.7
2024-09-30 11:46:36,19.94,10.68
2024-09-30 11:46:37,19.93,10.7
2024-09-30 11:46:38,19.96,10.73
2024-09-30 11:46:39,19.95,10.76
2024-09-30 11:46:40,19.94,10.85
2024-09-30 11:46:41,19.95,10.93
2024-09-30 11:46:42,19.93,10.93
2024-09-30 11:46:43,19.95,10.96
2024-09-30 11:46:44,19.94,10.99
2024-09-30 11:46:45,19.96,10.96
2024-09-30 11:46:46,19.96,10.93
2024-09-30 11:46:47,19.93,10.88
2024-09-30 11:46:48,19.92,10.79
2024-09-30 11:46:49,19.95,10.82
2024-09-30 11:46:50,19.96,10.85
2024-09-30 11:46:51,19.94,10.88
2024-09-30 11:46:52,19.96,10.88
2024-09-30 11:46:53,19.94,10.9
2024-09-30 11:46:54,19.95,10.88
2024-09-30 11:46:55,19.94,10.88
2024-09-30 11:46:56,19.94,10.82
2024-09-30 11:46:57,19.95,10.73
2024-09-30 11:46:58,19.96,10.62
2024-09-30 11:46:59,19.93,10.58
2024-09-30 11:47:00,19.93,10.65
2024-09-30 11:47:01,19.94,10.76
2024-09-30 11:47:02,19.93,10.73
2024-09-30 11:47:03,19.93,10.68
2024-09-30 11:47:04,19.95,10.58
2024-09-30 11:47:05,19.95,10.49
2024-09-30 11:47:06,19.94,10.44
2024-09-30 11:47:07,19.92,10.38
2024-09-30 11:47:08,19.95,10.32
2024-09-30 11:47:09,19.92,10.18
2024-09-30 11:47:10,19.95,10.21
2024-09-30 11:47:11,19.95,10.09
2024-09-30 11:47:12,19.93,10.09
2024-09-30 11:47:13,19.95,10.0
2024-09-30 11:47:14,19.94,10.06
2024-09-30 11:47:15,19.95,10.06
2024-09-30 11:47:16,19.93,10.06
2024-09-30 11:47:17,19.94,10.06
2024-09-30 11:47:18,19.95,10.0
2024-09-30 11:47:19,19.94,9.97
2024-09-30 11:47:20,19.93,9.94
2024-09-30 11:47:21,19.95,9.88
2024-09-30 11:47:22,19.95,9.86
2024-09-30 11:47:23,19.96,9.86
2024-09-30 11:47:24,19.96,9.88
2024-09-30 11:47:25,19.94,9.91
2024-09-30 11:47:26,19.95,9.88
2024-09-30 11:47:27,19.94,9.88
2024-09-30 11:47:28,19.95,9.88
2024-09-30 11:47:29,19.95,9.88
2024-09-30 11:47:30,19.94,9.94
2024-09-30 11:47:31,19.96,10.0
2024-09-30 11:47:32,19.94,10.03
2024-09-30 11:47:33,19.96,10.1
2024-09-30 11:47:34,19.96,10.0
2024-09-30 11:47:35,19.94,10.0
2024-09-30 11:47:36,19.94,10.0
2024-09-30 11:47:37,19.96,9.97
2024-09-30 11:47:38,19.94,10.0
2024-09-30 11:47:39,19.94,10.0
2024-09-30 11:47:40,19.95,10.0
2024-09-30 11:47:41,19.96,9.97
2024-09-30 11:47:42,19.96,9.83
2024-09-30 11:47:43,19.95,9.71
2024-09-30 11:47:44,19.94,9.63
2024-09-30 11:47:45,19.94,9.6
2024-09-30 11:47:46,19.94,9.57
2024-09-30 11:47:47,19.94,9.53
2024-09-30 11:47:48,19.94,9.53
2024-09-30 11:47:49,19.96,9.53
2024-09-30 11:47:50,19.95,9.6
2024-09-30 11:47:51,19.93,9.57
2024-09-30 11:47:52,19.95,9.57
2024-09-30 11:47:53,19.95,9.63
2024-09-30 11:47:54,19.96,9.66
2024-09-30 11:47:55,19.96,9.71
2024-09-30 11:47:56,19.94,9.6
2024-09-30 11:47:57,19.95,9.42
2024-09-30 11:47:58,19.94,9.33
2024-09-30 11:47:59,19.95,9.3
2024-09-30 11:48:00,19.95,9.16
2024-09-30 11:48:01,19.95,9.05
2024-09-30 11:48:02,19.95,8.92
2024-09-30 11:48:03,19.96,8.81
2024-09-30 11:48:04,19.94,8.81
2024-09-30 11:48:05,19.96,8.84
2024-09-30 11:48:06,19.94,8.87
2024-09-30 11:48:07,19.95,8.84
2024-09-30 11:48:08,19.94,8.78
2024-09-30 11:48:09,19.96,8.72
2024-09-30 11:48:10,19.96,8.69
2024-09-30 11:48:11,19.94,8.72
2024-09-30 11:48:12,19.95,8.75
2024-09-30 11:48:13,19.96,8.78
2024-09-30 11:48:14,19.93,8.72
2024-09-30 11:48:15,19.96,8.78
2024-09-30 11:48:16,19.96,8.89
2024-09-30 11:48:17,19.95,8.89
2024-09-30 11:48:18,19.94,8.89
2024-09-30 11:48:19,19.94,8.92
2024-09-30 11:48:20,19.95,8.84
2024-09-30 11:48:21,19.95,8.75
2024-09-30 11:48:22,19.94,8.72
2024-09-30 11:48:23,19.96,8.78
2024-09-30 11:48:24,19.95,8.81
2024-09-30 11:48:25,19.96,8.84
2024-09-30 11:48:26,19.96,8.84
2024-09-30 11:48:27,19.96,8.84
2024-09-30 11:48:28,19.96,8.81
2024-09-30 11:48:29,19.96,8.72
2024-09-30 11:48:30,19.94,8.61
2024-09-30 11:48:31,19.96,8.48
2024-09-30 11:48:32,19.94,8.28
2024-09-30 11:48:33,19.96,8.2
2024-09-30 11:48:34,19.95,8.11
2024-09-30 11:48:35,19.96,8.11
2024-09-30 11:48:36,19.96,8.06
2024-09-30 11:48:37,19.93,7.96
2024-09-30 11:48:38,19.96,7.79
2024-09-30 11:48:39,19.94,7.65
2024-09-30 11:48:40,19.96,7.53
2024-09-30 11:48:41,19.96,7.32
2024-09-30 11:48:42,19.96,7.18
2024-09-30 11:48:43,19.96,7.04
2024-09-30 11:48:44,19.96,7.01
2024-09-30 11:48:45,19.95,6.98
2024-09-30 11:48:46,19.96,6.88
2024-09-30 11:48:47,19.94,6.8
2024-09-30 11:48:48,19.95,6.71
2024-09-30 11:48:49,19.96,6.63
2024-09-30 11:48:50,19.95,6.63
2024-09-30 11:48:51,19.94,6.6
2024-09-30 11:48:52,19.96,6.51
2024-09-30 11:48:53,19.96,6.45
2024-09-30 11:48:54,19.95,6.48
2024-09-30 11:48:55,19.96,6.48
2024-09-30 11:48:56,19.96,6.45
2024-09-30 11:48:57,19.96,6.36
2024-09-30 11:48:58,19.97,6.33
2024-09-30 11:48:59,19.96,6.3
2024-09-30 11:49:00,19.96,6.33
2024-09-30 11:49:01,19.96,6.36
2024-09-30 11:49:02,19.96,6.39
2024-09-30 11:49:03,19.96,6.48
2024-09-30 11:49:04,19.96,6.51
2024-09-30 11:49:05,19.98,6.45
2024-09-30 11:49:06,19.96,6.45
2024-09-30 11:49:07,19.96,6.33
2024-09-30 11:49:08,19.98,6.33
2024-09-30 11:49:09,19.96,6.36
2024-09-30 11:49:10,19.97,6.42
2024-09-30 11:49:11,19.97,6.57
2024-09-30 11:49:12,19.96,6.63
2024-09-30 11:49:13,19.96,6.54
2024-09-30 11:49:14,19.97,6.51
2024-09-30 11:49:15,19.96,6.42
2024-09-30 11:49:16,19.96,6.36
2024-09-30 11:49:17,19.96,6.33
2024-09-30 11:49:18,19.96,6.36
2024-09-30 11:49:19,19.97,6.33
2024-09-30 11:49:20,19.96,6.39
2024-09-30 11:49:21,19.97,6.45
2024-09-30 11:49:22,19.96,6.51
2024-09-30 11:49:23,19.97,6.54
2024-09-30 11:49:24,19.96,6.45
2024-09-30 11:49:25,19.96,6.39
2024-09-30 11:49:26,19.96,6.36
2024-09-30 11:49:27,19.97,6.33
2024-09-30 11:49:28,19.99,6.33
2024-09-30 11:49:29,19.96,6.36
2024-09-30 11:49:30,19.96,6.42
2024-09-30 11:49:31,19.96,6.51
2024-09-30 11:49:32,19.97,6.54
2024-09-30 11:49:33,19.95,6.54
2024-09-30 11:49:34,19.97,6.48
2024-09-30 11:49:35,19.97,6.36
2024-09-30 11:49:36,19.94,6.36
2024-09-30 11:49:37,19.96,6.33
2024-09-30 11:49:38,19.96,6.36
2024-09-30 11:49:39,19.97,6.45
2024-09-30 11:49:40,19.97,6.57
2024-09-30 11:49:41,19.95,6.65
2024-09-30 11:49:42,19.98,6.63
2024-09-30 11:49:43,19.96,6.54
2024-09-30 11:49:44,19.96,6.42
2024-09-30 11:49:45,19.98,6.33
2024-09-30 11:49:46,19.98,6.3
2024-09-30 11:49:47,19.98,6.33
2024-09-30 11:49:48,19.94,6.42
2024-09-30 11:49:49,19.98,6.51
2024-09-30 11:49:50,19.96,6.48
2024-09-30 11:49:51,19.96,6.45
2024-09-30 11:49:52,19.96,6.33
2024-09-30 11:49:53,19.97,6.3
2024-09-30 11:49:54,19.97,6.27
2024-09-30 11:49:55,19.97,6.33
2024-09-30 11:49:56,19.97,6.42
2024-09-30 11:49:57,19.95,6.42
2024-09-30 11:49:58,19.97,6.51
2024-09-30 11:49:59,19.97,6.51
2024-09-30 11:50:00,19.96,6.44
2024-09-30 11:50:01,19.96,6.33
2024-09-30 11:50:02,19.97,6.3
2024-09-30 11:50:03,19.96,6.33
2024-09-30 11:50:04,19.96,6.33
2024-09-30 11:50:05,19.96,6.36
2024-09-30 11:50:06,19.98,6.39
2024-09-30 11:50:07,19.97,6.42
2024-09-30 11:50:08,19.96,6.45
2024-09-30 11:50:09,19.99,6.45
2024-09-30 11:50:10,19.98,6.42
2024-09-30 11:50:11,19.96,6.48
2024-09-30 11:50:12,19.95,6.48
2024-09-30 11:50:13,19.99,6.54
2024-09-30 11:50:14,19.97,6.48
2024-09-30 11:50:15,19.97,6.45
2024-09-30 11:50:16,19.95,6.48
2024-09-30 11:50:17,19.96,6.48
2024-09-30 11:50:18,19.97,6.45
2024-09-30 11:50:19,19.97,6.39
2024-09-30 11:50:20,19.96,6.42
2024-09-30 11:50:21,19.96,6.36
2024-09-30 11:50:22,19.98,6.33
2024-09-30 11:50:23,19.97,6.33
2024-09-30 11:50:24,19.97,6.33
2024-09-30 11:50:25,19.97,6.45
2024-09-30 11:50:26,19.96,6.39
2024-09-30 11:50:27,19.99,6.42
2024-09-30 11:50:28,19.98,6.45
2024-09-30 11:50:29,19.97,6.3
2024-09-30 11:50:30,19.97,6.33
2024-09-30 11:50:31,19.97,6.27
2024-09-30 11:50:32,19.95,6.27
2024-09-30 11:50:33,19.99,6.36
2024-09-30 11:50:34,19.99,6.45
2024-09-30 11:50:35,19.97,6.48
2024-09-30 11:50:36,19.97,6.45
2024-09-30 11:50:37,19.96,6.42
2024-09-30 11:50:38,19.96,6.36
2024-09-30 11:50:39,19.97,6.3
2024-09-30 11:50:40,19.97,6.27
2024-09-30 11:50:41,19.98,6.33
2024-09-30 11:50:42,19.96,6.42
2024-09-30 11:50:43,19.97,6.42
2024-09-30 11:50:44,19.96,6.45
2024-09-30 11:50:45,19.97,6.44
2024-09-30 11:50:46,19.97,6.36
2024-09-30 11:50:47,19.99,6.3
2024-09-30 11:50:48,19.98,6.27
2024-09-30 11:50:49,19.97,6.27
2024-09-30 11:50:50,19.98,6.36
2024-09-30 11:50:51,19.98,6.39
2024-09-30 11:50:52,19.97,6.36
2024-09-30 11:50:53,19.97,6.33
2024-09-30 11:50:54,19.98,6.3
2024-09-30 11:50:55,19.96,6.27
2024-09-30 11:50:56,20.0,6.27
2024-09-30 11:50:57,19.97,6.3
2024-09-30 11:50:58,19.98,6.25
2024-09-30 11:50:59,19.98,6.25
2024-09-30 11:51:00,19.97,6.27
2024-09-30 11:51:01,19.97,6.25
2024-09-30 11:51:02,19.99,6.27
2024-09-30 11:51:03,19.98,6.3
2024-09-30 11:51:04,19.97,6.3
2024-09-30 11:51:05,19.97,6.22
2024-09-30 11:51:06,19.97,6.25
2024-09-30 11:51:07,19.97,6.27
2024-09-30 11:51:08,19.97,6.33
2024-09-30 11:51:09,19.99,6.39
2024-09-30 11:51:10,19.99,6.39
2024-09-30 11:51:11,19.98,6.33
2024-09-30 11:51:12,19.98,6.27
2024-09-30 11:51:13,19.97,6.3
2024-09-30 11:51:14,19.98,6.33
2024-09-30 11:51:15,19.97,6.36
2024-09-30 11:51:16,20.0,6.39
2024-09-30 11:51:17,19.96,6.36
2024-09-30 11:51:18,19.97,6.33
2024-09-30 11:51:19,19.97,6.33
2024-09-30 11:51:20,20.0,6.36
2024-09-30 11:51:21,20.0,6.36
2024-09-30 11:51:22,19.98,6.36
2024-09-30 11:51:23,19.97,6.39
2024-09-30 11:51:24,19.98,6.39
2024-09-30 11:51:25,19.98,6.42
2024-09-30 11:51:26,19.97,6.36
2024-09-30 11:51:27,19.98,6.39
2024-09-30 11:51:28,19.98,6.39
2024-09-30 11:51:29,19.99,6.39
2024-09-30 11:51:30,19.98,6.42
2024-09-30 11:51:31,19.98,6.39
2024-09-30 11:51:32,20.0,6.48
2024-09-30 11:51:33,19.97,6.33
2024-09-30 11:51:34,19.98,6.39
2024-09-30 11:51:35,19.98,6.44
2024-09-30 11:51:36,19.97,6.48
2024-09-30 11:51:37,20.0,6.44
2024-09-30 11:51:38,19.99,6.45
2024-09-30 11:51:39,19.96,6.45
2024-09-30 11:51:40,19.97,6.39
2024-09-30 11:51:41,19.97,6.39
2024-09-30 11:51:42,19.99,6.39
2024-09-30 11:51:43,20.0,6.45
2024-09-30 11:51:44,19.99,6.48
2024-09-30 11:51:45,19.98,6.48
2024-09-30 11:51:46,19.98,6.39
2024-09-30 11:51:47,19.96,6.36
2024-09-30 11:51:48,20.0,6.39
2024-09-30 11:51:49,19.98,6.42
2024-09-30 11:51:50,19.99,6.39
2024-09-30 11:51:51,19.96,6.39
2024-09-30 11:51:52,19.97,6.36
2024-09-30 11:51:53,19.97,6.39
2024-09-30 11:51:54,19.98,6.45
2024-09-30 11:51:55,19.98,6.48
2024-09-30 11:51:56,20.0,6.44
2024-09-30 11:51:57,19.99,6.44
2024-09-30 11:51:58,19.99,6.42
2024-09-30 11:51:59,19.97,6.39
2024-09-30 11:52:00,19.99,6.45
2024-09-30 11:52:01,19.99,6.48
2024-09-30 11:52:02,19.99,6.51
2024-09-30 11:52:03,19.96,6.48
2024-09-30 11:52:04,19.99,6.42
2024-09-30 11:52:05,20.0,6.42
2024-09-30 11:52:06,20.0,6.39
2024-09-30 11:52:07,19.99,6.39
2024-09-30 11:52:08,19.98,6.36
2024-09-30 11:52:09,19.99,6.33
2024-09-30 11:52:10,19.98,6.33
2024-09-30 11:52:11,20.0,6.39
2024-09-30 11:52:12,19.98,6.48
2024-09-30 11:52:13,19.99,6.51
2024-09-30 11:52:14,19.99,6.48
2024-09-30 11:52:15,19.98,6.44
2024-09-30 11:52:16,19.99,6.36
2024-09-30 11:52:17,19.98,6.36
2024-09-30 11:52:18,19.98,6.33
2024-09-30 11:52:19,20.0,6.36
2024-09-30 11:52:20,20.0,6.42
2024-09-30 11:52:21,20.0,6.51
2024-09-30 11:52:22,20.0,6.48
2024-09-30 11:52:23,20.0,6.42
2024-09-30 11:52:24,19.98,6.39
2024-09-30 11:52:25,19.99,6.42
2024-09-30 11:52:26,20.0,6.44
2024-09-30 11:52:27,20.0,6.42
2024-09-30 11:52:28,20.0,6.44
2024-09-30 11:52:29,19.98,6.45
2024-09-30 11:52:30,19.99,6.51
2024-09-30 11:52:31,19.99,6.42
2024-09-30 11:52:32,20.0,6.51
2024-09-30 11:52:33,19.99,6.54
2024-09-30 11:52:34,19.97,6.51
2024-09-30 11:52:35,19.99,6.57
2024-09-30 11:52:36,19.98,6.51
2024-09-30 11:52:37,19.99,6.42
2024-09-30 11:52:38,19.99,6.39
2024-09-30 11:52:39,19.99,6.42
2024-09-30 11:52:40,19.99,6.51
2024-09-30 11:52:41,19.98,6.6
2024-09-30 11:52:42,19.97,6.6
2024-09-30 11:52:43,19.99,6.57
2024-09-30 11:52:44,19.99,6.44
2024-09-30 11:52:45,20.0,6.33
2024-09-30 11:52:46,19.99,6.3
2024-09-30 11:52:47,20.0,6.3
2024-09-30 11:52:48,19.98,6.45
2024-09-30 11:52:49,19.99,6.57
2024-09-30 11:52:50,19.98,6.57
2024-09-30 11:52:51,19.99,6.48
2024-09-30 11:52:52,20.0,6.39
2024-09-30 11:52:53,19.99,6.39
2024-09-30 11:52:54,19.99,6.39
2024-09-30 11:52:55,19.98,6.48
2024-09-30 11:52:56,19.99,6.57
2024-09-30 11:52:57,19.98,6.57
2024-09-30 11:52:58,20.0,6.54
2024-09-30 11:52:59,20.0,6.44
2024-09-30 11:53:00,19.99,6.36
2024-09-30 11:53:01,20.0,6.27
2024-09-30 11:53:02,19.97,6.33
2024-09-30 11:53:03,19.99,6.42
2024-09-30 11:53:04,19.99,6.51
2024-09-30 11:53:05,20.0,6.51
2024-09-30 11:53:06,19.98,6.48
2024-09-30 11:53:07,19.99,6.39
2024-09-30 11:53:08,19.99,6.39
2024-09-30 11:53:09,19.97,6.39
2024-09-30 11:53:10,19.99,6.39
2024-09-30 11:53:11,19.98,6.39
2024-09-30 11:53:12,20.0,6.39
2024-09-30 11:53:13,19.99,6.36
2024-09-30 11:53:14,19.98,6.39
2024-09-30 11:53:15,20.0,6.45
2024-09-30 11:53:16,20.0,6.48
2024-09-30 11:53:17,20.0,6.42
2024-09-30 11:53:18,20.0,6.36
2024-09-30 11:53:19,19.99,6.22
2024-09-30 11:53:20,19.99,6.33
2024-09-30 11:53:21,19.99,6.36
2024-09-30 11:53:22,19.97,6.33
2024-09-30 11:53:23,20.0,6.36
2024-09-30 11:53:24,19.98,6.42
2024-09-30 11:53:25,20.0,6.42
2024-09-30 11:53:26,20.0,6.42
2024-09-30 11:53:27,19.99,6.33
2024-09-30 11:53:28,19.99,6.36
2024-09-30 11:53:29,20.0,6.33
2024-09-30 11:53:30,19.98,6.39
2024-09-30 11:53:31,19.99,6.39
2024-09-30 11:53:32,20.0,6.42
2024-09-30 11:53:33,19.97,6.42
2024-09-30 11:53:34,19.98,6.45
2024-09-30 11:53:35,19.98,6.44
2024-09-30 11:53:36,20.0,6.39
2024-09-30 11:53:37,20.0,6.33
2024-09-30 11:53:38,19.98,6.33
2024-09-30 11:53:39,19.99,6.36
2024-09-30 11:53:40,20.0,6.42
2024-09-30 11:53:41,20.0,6.42
2024-09-30 11:53:42,19.99,6.36
2024-09-30 11:53:43,19.99,6.42
2024-09-30 11:53:44,19.98,6.44
2024-09-30 11:53:45,19.99,6.36
2024-09-30 11:53:46,20.0,6.36
2024-09-30 11:53:47,19.99,6.39
2024-09-30 11:53:48,19.99,6.36
2024-09-30 11:53:49,20.0,6.36
2024-09-30 11:53:50,19.99,6.33
2024-09-30 11:53:51,19.98,6.39
2024-09-30 11:53:52,19.99,6.39
2024-09-30 11:53:53,19.99,6.44
2024-09-30 11:53:54,19.99,6.44
2024-09-30 11:53:55,20.0,6.39
2024-09-30 11:53:56,20.02,6.3
2024-09-30 11:53:57,20.0,6.22
2024-09-30 11:53:58,20.0,6.25
2024-09-30 11:53:59,20.0,6.3
2024-09-30 11:54:00,20.0,6.42
2024-09-30 11:54:01,20.0,6.48
2024-09-30 11:54:02,20.0,6.44
2024-09-30 11:54:03,19.99,6.36
2024-09-30 11:54:04,19.98,6.3
2024-09-30 11:54:05,19.99,6.27
2024-09-30 11:54:06,19.98,6.27
2024-09-30 11:54:07,20.0,6.36
2024-09-30 11:54:08,20.0,6.33
2024-09-30 11:54:09,19.98,6.39
2024-09-30 11:54:10,19.98,6.39
2024-09-30 11:54:11,19.98,6.39
2024-09-30 11:54:12,20.0,6.36
2024-09-30 11:54:13,19.99,6.36
2024-09-30 11:54:14,19.98,6.42
2024-09-30 11:54:15,19.99,6.48
2024-09-30 11:54:16,19.97,6.48
2024-09-30 11:54:17,20.0,6.48
2024-09-30 11:54:18,20.0,6.48
2024-09-30 11:54:19,19.99,6.54
2024-09-30 11:54:20,19.98,6.51
2024-09-30 11:54:21,20.0,6.57
2024-09-30 11:54:22,19.98,6.6
2024-09-30 11:54:23,20.02,6.51
2024-09-30 11:54:24,20.0,6.48
2024-09-30 11:54:25,20.0,6.48
2024-09-30 11:54:26,20.0,6.54
2024-09-30 11:54:27,20.0,6.54
2024-09-30 11:54:28,19.99,6.54
2024-09-30 11:54:29,19.98,6.57
2024-09-30 11:54:30,19.99,6.57
2024-09-30 11:54:31,19.99,6.57
2024-09-30 11:54:32,19.99,6.6
2024-09-30 11:54:33,20.0,6.57
2024-09-30 11:54:34,20.0,6.54
2024-09-30 11:54:35,20.0,6.63
2024-09-30 11:54:36,19.98,6.63
2024-09-30 11:54:37,19.99,6.68
2024-09-30 11:54:38,20.0,6.65
2024-09-30 11:54:39,19.98,6.65
2024-09-30 11:54:40,19.99,6.6
2024-09-30 11:54:41,19.99,6.54
2024-09-30 11:54:42,20.0,6.54
2024-09-30 11:54:43,19.99,6.54
2024-09-30 11:54:44,20.0,6.51
2024-09-30 11:54:45,20.0,6.63
2024-09-30 11:54:46,20.0,6.68
2024-09-30 11:54:47,19.99,6.71
2024-09-30 11:54:48,20.0,6.63
2024-09-30 11:54:49,20.0,6.48
2024-09-30 11:54:50,20.0,6.39
2024-09-30 11:54:51,19.97,6.39
2024-09-30 11:54:52,20.0,6.48
2024-09-30 11:54:53,19.99,6.54
2024-09-30 11:54:54,19.98,6.6
2024-09-30 11:54:55,19.99,6.6
2024-09-30 11:54:56,19.99,6.63
2024-09-30 11:54:57,19.98,6.54
2024-09-30 11:54:58,20.0,6.51
2024-09-30 11:54:59,19.98,6.54
2024-09-30 11:55:00,19.97,6.51
2024-09-30 11:55:01,19.99,6.51
2024-09-30 11:55:02,20.0,6.54
2024-09-30 11:55:03,19.98,6.6
2024-09-30 11:55:04,20.0,6.68
2024-09-30 11:55:05,19.97,6.77
2024-09-30 11:55:06,19.98,6.91
2024-09-30 11:55:07,19.98,6.98
2024-09-30 11:55:08,19.98,6.94
2024-09-30 11:55:09,19.97,6.88
2024-09-30 11:55:10,19.99,6.83
2024-09-30 11:55:11,20.0,6.74
2024-09-30 11:55:12,19.99,6.77
2024-09-30 11:55:13,20.0,6.83
2024-09-30 11:55:14,20.0,6.91
2024-09-30 11:55:15,19.97,6.88
2024-09-30 11:55:16,19.97,6.74
2024-09-30 11:55:17,19.96,6.71
2024-09-30 11:55:18,19.97,6.65
2024-09-30 11:55:19,19.98,6.63
2024-09-30 11:55:20,19.97,6.63
2024-09-30 11:55:21,19.97,6.6
2024-09-30 11:55:22,19.98,6.54
2024-09-30 11:55:23,19.96,6.44
2024-09-30 11:55:24,19.98,6.51
2024-09-30 11:55:25,19.98,6.54
2024-09-30 11:55:26,19.97,6.54
2024-09-30 11:55:27,19.97,6.48
2024-09-30 11:55:28,19.96,6.48
2024-09-30 11:55:29,19.96,6.51
2024-09-30 11:55:30,19.96,6.6
2024-09-30 11:55:31,19.96,6.63
2024-09-30 11:55:32,19.96,6.57
2024-09-30 11:55:33,19.98,6.51
2024-09-30 11:55:34,19.96,6.39
2024-09-30 11:55:35,19.97,6.3
2024-09-30 11:55:36,19.98,6.25
2024-09-30 11:55:37,19.97,6.25
2024-09-30 11:55:38,19.97,6.3
2024-09-30 11:55:39,19.96,6.3
2024-09-30 11:55:40,19.99,6.36
2024-09-30 11:55:41,19.98,6.36
2024-09-30 11:55:42,19.99,6.33
2024-09-30 11:55:43,19.97,6.27
2024-09-30 11:55:44,19.98,6.3
2024-09-30 11:55:45,19.98,6.3
2024-09-30 11:55:46,19.97,6.22
2024-09-30 11:55:47,19.97,6.16
2024-09-30 11:55:48,19.98,6.1
2024-09-30 11:55:49,19.98,6.13
2024-09-30 11:55:50,19.97,6.05
2024-09-30 11:55:51,19.96,5.99
2024-09-30 11:55:52,19.96,5.89
2024-09-30 11:55:53,19.98,5.81
2024-09-30 11:55:54,19.96,5.78
2024-09-30 11:55:55,19.98,5.78
2024-09-30 11:55:56,19.98,5.78
2024-09-30 11:55:57,19.98,5.78
2024-09-30 11:55:58,19.97,5.69
2024-09-30 11:55:59,19.98,5.61
2024-09-30 11:56:00,19.98,5.52
2024-09-30 11:56:01,19.96,5.52
2024-09-30 11:56:02,19.99,5.52
2024-09-30 11:56:03,19.96,5.58
2024-09-30 11:56:04,19.99,5.66
2024-09-30 11:56:05,19.96,5.75
2024-09-30 11:56:06,19.96,5.84
2024-09-30 11:56:07,19.97,5.92
2024-09-30 11:56:08,19.96,5.99
2024-09-30 11:56:09,19.97,5.96
2024-09-30 11:56:10,19.96,6.05
2024-09-30 11:56:11,19.97,6.07
2024-09-30 11:56:12,19.98,6.05
2024-09-30 11:56:13,19.97,5.99
2024-09-30 11:56:14,19.97,5.84
2024-09-30 11:56:15,19.96,5.75
2024-09-30 11:56:16,19.97,5.69
2024-09-30 11:56:17,19.96,5.66
2024-09-30 11:56:18,19.98,5.69
2024-09-30 11:56:19,19.97,5.72
2024-09-30 11:56:20,19.98,5.78
2024-09-30 11:56:21,19.97,5.78
2024-09-30 11:56:22,19.97,5.84
2024-09-30 11:56:23,19.99,5.75
2024-09-30 11:56:24,19.97,5.81
2024-09-30 11:56:25,19.98,5.84
2024-09-30 11:56:26,19.96,5.89
2024-09-30 11:56:27,19.97,5.92
2024-09-30 11:56:28,19.96,5.96
2024-09-30 11:56:29,19.96,5.96
2024-09-30 11:56:30,19.98,5.99
2024-09-30 11:56:31,19.96,6.05
2024-09-30 11:56:32,19.96,6.05
2024-09-30 11:56:33,19.97,5.99
2024-09-30 11:56:34,19.99,6.02
2024-09-30 11:56:35,19.97,6.13
2024-09-30 11:56:36,19.98,6.19
2024-09-30 11:56:37,19.98,6.3
2024-09-30 11:56:38,19.97,6.33
2024-09-30 11:56:39,19.97,6.3
2024-09-30 11:56:40,19.98,6.36
2024-09-30 11:56:41,19.98,6.19
2024-09-30 11:56:42,19.96,6.25
2024-09-30 11:56:43,19.99,6.3
2024-09-30 11:56:44,19.97,6.33
2024-09-30 11:56:45,19.98,6.45
2024-09-30 11:56:46,19.98,6.42
2024-09-30 11:56:47,19.97,6.33
2024-09-30 11:56:48,19.98,6.19
2024-09-30 11:56:49,19.99,6.19
2024-09-30 11:56:50,19.97,6.13
2024-09-30 11:56:51,19.99,6.19
2024-09-30 11:56:52,19.99,6.13
2024-09-30 11:56:53,19.97,6.07
2024-09-30 11:56:54,19.98,5.89
2024-09-30 11:56:55,20.0,5.84
2024-09-30 11:56:56,19.99,5.75
2024-09-30 11:56:57,19.99,5.81
2024-09-30 11:56:58,20.0,5.81
2024-09-30 11:56:59,20.0,5.84
2024-09-30 11:57:00,20.0,5.84
2024-09-30 11:57:01,19.98,5.86
2024-09-30 11:57:02,19.98,5.92
2024-09-30 11:57:03,19.99,6.02
2024-09-30 11:57:04,19.98,6.02
2024-09-30 11:57:05,20.0,6.02
2024-09-30 11:57:06,19.99,5.96
2024-09-30 11:57:07,20.0,5.92
2024-09-30 11:57:08,20.0,5.89
2024-09-30 11:57:09,20.03,5.78
2024-09-30 11:57:10,20.0,5.69
2024-09-30 11:57:11,20.0,5.66
2024-09-30 11:57:12,20.0,5.55
2024-09-30 11:57:13,20.02,5.55
2024-09-30 11:57:14,20.02,5.55
2024-09-30 11:57:15,20.0,5.46
2024-09-30 11:57:16,20.02,5.37
2024-09-30 11:57:17,20.02,5.31
2024-09-30 11:57:18,20.0,5.2
2024-09-30 11:57:19,20.02,5.14
2024-09-30 11:57:20,20.02,5.14
2024-09-30 11:57:21,20.03,5.14
2024-09-30 11:57:22,20.03,5.11
2024-09-30 11:57:23,20.02,5.17
2024-09-30 11:57:24,20.02,5.14
2024-09-30 11:57:25,20.03,5.05
2024-09-30 11:57:26,20.04,5.03
2024-09-30 11:57:27,20.03,4.87
2024-09-30 11:57:28,20.04,4.79
2024-09-30 11:57:29,20.03,4.79
2024-09-30 11:57:30,20.04,4.9
2024-09-30 11:57:31,20.03,4.94
2024-09-30 11:57:32,20.04,4.97
2024-09-30 11:57:33,20.02,4.94
2024-09-30 11:57:34,20.05,4.76
2024-09-30 11:57:35,20.03,4.67
2024-09-30 11:57:36,20.04,4.62
2024-09-30 11:57:37,20.04,4.53
2024-09-30 11:57:38,20.03,4.44
2024-09-30 11:57:39,20.02,4.38
2024-09-30 11:57:40,20.04,4.42
2024-09-30 11:57:41,20.05,4.32
2024-09-30 11:57:42,20.05,4.18
2024-09-30 11:57:43,20.04,4.15
2024-09-30 11:57:44,20.04,4.06
2024-09-30 11:57:45,20.06,4.06
2024-09-30 11:57:46,20.04,3.95
2024-09-30 11:57:47,20.05,3.95
2024-09-30 11:57:48,20.03,3.8
2024-09-30 11:57:49,20.04,3.85
2024-09-30 11:57:50,20.07,3.98
2024-09-30 11:57:51,20.03,4.01
2024-09-30 11:57:52,20.06,3.95
2024-09-30 11:57:53,20.05,3.89
2024-09-30 11:57:54,20.03,3.85
2024-09-30 11:57:55,20.03,3.85
2024-09-30 11:57:56,20.04,3.8
2024-09-30 11:57:57,20.05,3.65
2024-09-30 11:57:58,20.05,3.57
2024-09-30 11:57:59,20.05,3.51
2024-09-30 11:58:00,20.04,3.62
2024-09-30 11:58:01,20.07,3.65
2024-09-30 11:58:02,20.05,3.65
2024-09-30 11:58:03,20.06,3.6
2024-09-30 11:58:04,20.04,3.65
2024-09-30 11:58:05,20.04,3.65
2024-09-30 11:58:06,20.06,3.65
2024-09-30 11:58:07,20.05,3.65
2024-09-30 11:58:08,20.04,3.54
2024-09-30 11:58:09,20.05,3.42
2024-09-30 11:58:10,20.05,3.33
2024-09-30 11:58:11,20.07,3.24
2024-09-30 11:58:12,20.06,3.07
2024-09-30 11:58:13,20.07,2.99
2024-09-30 11:58:14,20.06,2.99
2024-09-30 11:58:15,20.07,2.93
2024-09-30 11:58:16,20.09,2.75
2024-09-30 11:58:17,20.08,2.63
2024-09-30 11:58:18,20.09,2.55
2024-09-30 11:58:19,20.1,2.43
2024-09-30 11:58:20,20.1,2.49
2024-09-30 11:58:21,20.1,2.52
2024-09-30 11:58:22,20.11,2.55
2024-09-30 11:58:23,20.1,2.35
2024-09-30 11:58:24,20.14,2.22
2024-09-30 11:58:25,20.11,2.2
2024-09-30 11:58:26,20.14,2.08
2024-09-30 11:58:27,20.15,2.0
2024-09-30 11:58:28,20.14,1.82
2024-09-30 11:58:29,20.17,1.7
2024-09-30 11:58:30,20.18,1.73
2024-09-30 11:58:31,20.18,1.82
2024-09-30 11:58:32,20.2,1.88
2024-09-30 11:58:33,20.19,1.94
2024-09-30 11:58:34,20.17,1.97
2024-09-30 11:58:35,20.18,1.94
2024-09-30 11:58:36,20.15,1.78
2024-09-30 11:58:37,20.16,1.76
2024-09-30 11:58:38,20.17,1.78
2024-09-30 11:58:39,20.2,1.91
2024-09-30 11:58:40,20.17,1.94
2024-09-30 11:58:41,20.18,1.73
2024-09-30 11:58:42,20.18,1.73
2024-09-30 11:58:43,20.19,1.78
2024-09-30 11:58:44,20.17,1.82
2024-09-30 11:58:45,20.19,1.78
2024-09-30 11:58:46,20.19,1.73
2024-09-30 11:58:47,20.18,1.76
2024-09-30 11:58:48,20.17,1.88
2024-09-30 11:58:49,20.16,1.97
2024-09-30 11:58:50,20.18,1.82
2024-09-30 11:58:51,20.18,1.67
2024-09-30 11:58:52,20.18,1.67
2024-09-30 11:58:53,20.19,1.73
2024-09-30 11:58:54,20.18,1.85
2024-09-30 11:58:55,20.2,1.78
2024-09-30 11:58:56,20.18,1.91
2024-09-30 11:58:57,20.17,2.05
2024-09-30 11:58:58,20.19,2.05
2024-09-30 11:58:59,20.18,1.94
2024-09-30 11:59:00,20.17,1.76
2024-09-30 11:59:01,20.17,1.73
2024-09-30 11:59:02,20.17,1.88
2024-09-30 11:59:03,20.18,2.02
2024-09-30 11:59:04,20.17,1.85
2024-09-30 11:59:05,20.18,1.82
2024-09-30 11:59:06,20.17,1.88
2024-09-30 11:59:07,20.19,1.99
2024-09-30 11:59:08,20.18,1.99
2024-09-30 11:59:09,20.17,1.97
2024-09-30 11:59:10,20.18,2.05
2024-09-30 11:59:11,20.18,1.97
2024-09-30 11:59:12,20.15,1.85
2024-09-30 11:59:13,20.17,1.82
2024-09-30 11:59:14,20.19,1.85
2024-09-30 11:59:15,20.17,1.91
2024-09-30 11:59:16,20.18,1.82
2024-09-30 11:59:17,20.19,1.78
2024-09-30 11:59:18,20.18,1.76
2024-09-30 11:59:19,20.19,1.82
2024-09-30 11:59:20,20.19,1.7
2024-09-30 11:59:21,20.19,1.61
2024-09-30 11:59:22,20.18,1.61
2024-09-30 11:59:23,20.2,1.7
2024-09-30 11:59:24,20.18,1.78
2024-09-30 11:59:25,20.16,1.73
2024-09-30 11:59:26,20.19,1.76
2024-09-30 11:59:27,20.19,1.76
2024-09-30 11:59:28,20.19,1.64
2024-09-30 11:59:29,20.2,1.64
2024-09-30 11:59:30,20.18,1.67
2024-09-30 11:59:31,20.19,1.76
2024-09-30 11:59:32,20.18,1.78
2024-09-30 11:59:33,20.19,1.78
2024-09-30 11:59:34,20.2,1.91
2024-09-30 11:59:35,20.19,1.88
2024-09-30 11:59:36,20.19,1.85
2024-09-30 11:59:37,20.21,1.78
2024-09-30 11:59:38,20.17,1.78
2024-09-30 11:59:39,20.19,1.78
2024-09-30 11:59:40,20.17,1.61
2024-09-30 11:59:41,20.18,1.58
2024-09-30 11:59:42,20.19,1.58
2024-09-30 11:59:43,20.17,1.7
2024-09-30 11:59:44,20.19,1.85
2024-09-30 11:59:45,20.17,1.97
2024-09-30 11:59:46,20.17,1.94
2024-09-30 11:59:47,20.17,1.94
2024-09-30 11:59:48,20.17,1.85
2024-09-30 11:59:49,20.17,1.82
2024-09-30 11:59:50,20.17,1.85
2024-09-30 11:59:51,20.17,1.88
2024-09-30 11:59:52,20.16,1.88
2024-09-30 11:59:53,20.15,1.97
2024-09-30 11:59:54,20.16,2.14
2024-09-30 11:59:55,20.15,2.22
2024-09-30 11:59:56,20.14,2.43
2024-09-30 11:59:57,20.17,2.49
2024-09-30 11:59:58,20.17,2.55
2024-09-30 11:59:59,20.14,2.66
2024-09-30 12:00:00,20.16,2.69
2024-09-30 12:00:01,20.16,2.78
2024-09-30 12:00:02,20.17,2.87
2024-09-30 12:00:03,20.14,2.96
2024-09-30 12:00:04,20.14,3.04
2024-09-30 12:00:05,20.14,3.07
2024-09-30 12:00:06,20.11,3.04
2024-09-30 12:00:07,20.1,3.1
2024-09-30 12:00:08,20.11,3.16
2024-09-30 12:00:09,20.12,3.24
2024-09-30 12:00:10,20.11,3.3
2024-09-30 12:00:11,20.11,3.45
2024-09-30 12:00:12,20.09,3.48
2024-09-30 12:00:13,20.11,3.51
2024-09-30 12:00:14,20.1,3.6
2024-09-30 12:00:15,20.1,3.65
2024-09-30 12:00:16,20.11,3.8
2024-09-30 12:00:17,20.08,3.74
2024-09-30 12:00:18,20.07,3.68
2024-09-30 12:00:19,20.07,3.74
2024-09-30 12:00:20,20.07,3.82
2024-09-30 12:00:21,20.09,3.89
2024-09-30 12:00:22,20.07,4.01
2024-09-30 12:00:23,20.08,4.18
2024-09-30 12:00:24,20.07,4.29
2024-09-30 12:00:25,20.08,4.26
2024-09-30 12:00:26,20.07,4.38
2024-09-30 12:00:27,20.07,4.47
2024-09-30 12:00:28,20.08,4.59
2024-09-30 12:00:29,20.07,4.67
2024-09-30 12:00:30,20.07,4.73
2024-09-30 12:00:31,20.1,4.76
2024-09-30 12:00:32,20.07,4.82
2024-09-30 12:00:33,20.07,4.73
2024-09-30 12:00:34,20.07,4.62
2024-09-30 12:00:35,20.06,4.62
2024-09-30 12:00:36,20.06,4.62
2024-09-30 12:00:37,20.07,4.56
2024-09-30 12:00:38,20.06,4.56
2024-09-30 12:00:39,20.04,4.62
2024-09-30 12:00:40,20.03,4.62
2024-09-30 12:00:41,20.04,4.59
2024-09-30 12:00:42,20.03,4.59
2024-09-30 12:00:43,20.03,4.53
2024-09-30 12:00:44,20.03,4.5
2024-09-30 12:00:45,20.03,4.5
2024-09-30 12:00:46,20.05,4.53
2024-09-30 12:00:47,20.06,4.53
2024-09-30 12:00:48,20.04,4.59
2024-09-30 12:00:49,20.05,4.62
2024-09-30 12:00:50,20.07,4.64
2024-09-30 12:00:51,20.05,4.76
2024-09-30 12:00:52,20.04,4.9
2024-09-30 12:00:53,20.04,5.0
2024-09-30 12:00:54,20.07,5.11
2024-09-30 12:00:55,20.07,5.17
2024-09-30 12:00:56,20.06,5.28
2024-09-30 12:00:57,20.07,5.46
2024-09-30 12:00:58,20.06,5.52
2024-09-30 12:00:59,20.07,5.58
2024-09-30 12:01:00,20.04,5.58
2024-09-30 12:01:01,20.03,5.58
2024-09-30 12:01:02,20.04,5.55
2024-09-30 12:01:03,20.07,5.52
2024-09-30 12:01:04,20.04,5.55
2024-09-30 12:01:05,20.07,5.58
2024-09-30 12:01:06,20.05,5.66
2024-09-30 12:01:07,20.04,5.72
2024-09-30 12:01:08,20.03,5.78
2024-09-30 12:01:09,20.05,5.84
2024-09-30 12:01:10,20.05,5.92
2024-09-30 12:01:11,20.04,5.99
2024-09-30 12:01:12,20.05,6.13
2024-09-30 12:01:13,20.06,6.19
2024-09-30 12:01:14,20.05,6.22
2024-09-30 12:01:15,20.05,6.3
2024-09-30 12:01:16,20.06,6.27
2024-09-30 12:01:17,20.05,6.3
2024-09-30 12:01:18,20.05,6.27
2024-09-30 12:01:19,20.06,6.19
2024-09-30 12:01:20,20.04,6.22
2024-09-30 12:01:21,20.03,6.19
2024-09-30 12:01:22,20.03,6.19
2024-09-30 12:01:23,20.03,6.22
2024-09-30 12:01:24,20.04,6.22
2024-09-30 12:01:25,20.04,6.22
2024-09-30 12:01:26,20.07,6.16
2024-09-30 12:01:27,20.04,6.16
2024-09-30 12:01:28,20.05,6.07
2024-09-30 12:01:29,20.04,6.05
2024-09-30 12:01:30,20.04,5.96
2024-09-30 12:01:31,20.03,5.92
2024-09-30 12:01:32,20.03,5.84
2024-09-30 12:01:33,20.02,5.81
2024-09-30 12:01:34,20.02,5.81
2024-09-30 12:01:35,20.03,5.75
2024-09-30 12:01:36,20.03,5.69
2024-09-30 12:01:37,20.04,5.55
2024-09-30 12:01:38,20.04,5.46
2024-09-30 12:01:39,20.04,5.44
2024-09-30 12:01:40,20.05,5.37
2024-09-30 12:01:41,20.05,5.28
2024-09-30 12:01:42,20.04,5.31
2024-09-30 12:01:43,20.05,5.31
2024-09-30 12:01:44,20.04,5.34
2024-09-30 12:01:45,20.05,5.34
2024-09-30 12:01:46,20.04,5.25
2024-09-30 12:01:47,20.04,5.23
2024-09-30 12:01:48,20.06,5.14
2024-09-30 12:01:49,20.06,5.0
2024-09-30 12:01:50,20.06,4.94
2024-09-30 12:01:51,20.07,4.9
2024-09-30 12:01:52,20.07,4.9
2024-09-30 12:01:53,20.07,4.9
2024-09-30 12:01:54,20.07,4.94
2024-09-30 12:01:55,20.05,4.87
2024-09-30 12:01:56,20.07,4.84
2024-09-30 12:01:57,20.06,4.87
2024-09-30 12:01:58,20.07,4.84
2024-09-30 12:01:59,20.07,4.79
2024-09-30 12:02:00,20.06,4.76
2024-09-30 12:02:01,20.05,4.82
2024-09-30 12:02:02,20.07,4.97
2024-09-30 12:02:03,20.06,5.05
2024-09-30 12:02:04,20.05,5.05
2024-09-30 12:02:05,20.08,5.05
2024-09-30 12:02:06,20.07,5.05
2024-09-30 12:02:07,20.09,5.0
2024-09-30 12:02:08,20.07,5.05
2024-09-30 12:02:09,20.07,5.03
2024-09-30 12:02:10,20.08,5.0
2024-09-30 12:02:11,20.07,5.03
2024-09-30 12:02:12,20.09,4.94
2024-09-30 12:02:13,20.07,4.87
2024-09-30 12:02:14,20.07,4.82
2024-09-30 12:02:15,20.08,4.84
2024-09-30 12:02:16,20.07,4.87
2024-09-30 12:02:17,20.06,5.0
2024-09-30 12:02:18,20.07,5.08
2024-09-30 12:02:19,20.08,5.11
2024-09-30 12:02:20,20.07,5.17
2024-09-30 12:02:21,20.08,5.34
2024-09-30 12:02:22,20.08,5.37
2024-09-30 12:02:23,20.06,5.44
2024-09-30 12:02:24,20.08,5.52
2024-09-30 12:02:25,20.08,5.46
2024-09-30 12:02:26,20.1,5.49
2024-09-30 12:02:27,20.06,5.55
2024-09-30 12:02:28,20.08,5.69
2024-09-30 12:02:29,20.08,5.78
2024-09-30 12:02:30,20.07,5.86
2024-09-30 12:02:31,20.07,5.84
2024-09-30 12:02:32,20.07,5.89
2024-09-30 12:02:33,20.07,5.84
2024-09-30 12:02:34,20.07,5.81
2024-09-30 12:02:35,20.07,5.78
2024-09-30 12:02:36,20.07,5.75
2024-09-30 12:02:37,20.07,5.75
2024-09-30 12:02:38,20.07,5.64
2024-09-30 12:02:39,20.08,5.58
2024-09-30 12:02:40,20.07,5.52
2024-09-30 12:02:41,20.09,5.44
2024-09-30 12:02:42,20.07,5.46
2024-09-30 12:02:43,20.07,5.46
2024-09-30 12:02:44,20.09,5.44
2024-09-30 12:02:45,20.09,5.46
2024-09-30 12:02:46,20.1,5.46
2024-09-30 12:02:47,20.09,5.52
2024-09-30 12:02:48,20.07,5.46
2024-09-30 12:02:49,20.07,5.4
2024-09-30 12:02:50,20.07,5.34
2024-09-30 12:02:51,20.09,5.28
2024-09-30 12:02:52,20.09,5.28
2024-09-30 12:02:53,20.08,5.34
2024-09-30 12:02:54,20.1,5.4
2024-09-30 12:02:55,20.08,5.44
2024-09-30 12:02:56,20.07,5.4
2024-09-30 12:02:57,20.08,5.37
2024-09-30 12:02:58,20.08,5.25
2024-09-30 12:02:59,20.07,5.25
2024-09-30 12:03:00,20.08,5.23
2024-09-30 12:03:01,20.07,5.17
2024-09-30 12:03:02,20.07,5.14
2024-09-30 12:03:03,20.07,5.17
2024-09-30 12:03:04,20.07,5.17
2024-09-30 12:03:05,20.06,5.2
2024-09-30 12:03:06,20.07,5.25
2024-09-30 12:03:07,20.06,5.31
2024-09-30 12:03:08,20.05,5.28
2024-09-30 12:03:09,20.05,5.28
2024-09-30 12:03:10,20.07,5.28
2024-09-30 12:03:11,20.07,5.17
2024-09-30 12:03:12,20.07,5.08
2024-09-30 12:03:13,20.06,5.05
2024-09-30 12:03:14,20.06,5.08
2024-09-30 12:03:15,20.06,5.08
2024-09-30 12:03:16,20.06,5.08
2024-09-30 12:03:17,20.06,5.17
2024-09-30 12:03:18,20.07,5.17
2024-09-30 12:03:19,20.07,5.23
2024-09-30 12:03:20,20.07,5.31
2024-09-30 12:03:21,20.07,5.34
2024-09-30 12:03:22,20.07,5.44
2024-09-30 12:03:23,20.06,5.4
2024-09-30 12:03:24,20.07,5.4
2024-09-30 12:03:25,20.07,5.49
2024-09-30 12:03:26,20.07,5.52
2024-09-30 12:03:27,20.07,5.46
2024-09-30 12:03:28,20.06,5.46
2024-09-30 12:03:29,20.07,5.49
2024-09-30 12:03:30,20.05,5.49
2024-09-30 12:03:31,20.07,5.46
2024-09-30 12:03:32,20.07,5.46
2024-09-30 12:03:33,20.06,5.55
2024-09-30 12:03:34,20.05,5.69
2024-09-30 12:03:35,20.07,5.72
2024-09-30 12:03:36,20.05,5.64
2024-09-30 12:03:37,20.07,5.69
2024-09-30 12:03:38,20.06,5.66
2024-09-30 12:03:39,20.05,5.66
2024-09-30 12:03:40,20.07,5.61
2024-09-30 12:03:41,20.07,5.64
2024-09-30 12:03:42,20.07,5.75
2024-09-30 12:03:43,20.07,5.64
2024-09-30 12:03:44,20.08,5.58
2024-09-30 12:03:45,20.07,5.58
2024-09-30 12:03:46,20.07,5.55
2024-09-30 12:03:47,20.07,5.46
2024-09-30 12:03:48,20.09,5.46
2024-09-30 12:03:49,20.07,5.4
2024-09-30 12:03:50,20.08,5.28
2024-09-30 12:03:51,20.07,5.31
2024-09-30 12:03:52,20.07,5.37
2024-09-30 12:03:53,20.09,5.31
2024-09-30 12:03:54,20.06,5.23
2024-09-30 12:03:55,20.07,5.23
2024-09-30 12:03:56,20.09,5.25
2024-09-30 12:03:57,20.07,5.2
2024-09-30 12:03:58,20.08,5.0
2024-09-30 12:03:59,20.08,5.03
2024-09-30 12:04:00,20.09,4.9
2024-09-30 12:04:01,20.07,4.73
2024-09-30 12:04:02,20.08,4.73
2024-09-30 12:04:03,20.07,4.47
2024-09-30 12:04:04,20.09,4.21
2024-09-30 12:04:05,20.07,4.09
2024-09-30 12:04:06,20.07,3.89
2024-09-30 12:04:07,20.1,3.71
2024-09-30 12:04:08,20.1,3.68
2024-09-30 12:04:09,20.1,3.62
2024-09-30 12:04:10,20.09,3.6
2024-09-30 12:04:11,20.07,3.48
2024-09-30 12:04:12,20.08,3.37
2024-09-30 12:04:13,20.09,3.19
2024-09-30 12:04:14,20.09,3.13
2024-09-30 12:04:15,20.08,3.13
2024-09-30 12:04:16,20.1,2.96
2024-09-30 12:04:17,20.1,2.83
2024-09-30 12:04:18,20.1,2.63
2024-09-30 12:04:19,20.1,2.4
2024-09-30 12:04:20,20.12,2.31
2024-09-30 12:04:21,20.11,2.17
2024-09-30 12:04:22,20.14,2.11
2024-09-30 12:04:23,20.17,1.99
2024-09-30 12:04:24,20.16,1.85
2024-09-30 12:04:25,20.17,1.73
2024-09-30 12:04:26,20.17,1.61
2024-09-30 12:04:27,20.18,1.5
2024-09-30 12:04:28,20.17,1.44
2024-09-30 12:04:29,20.2,1.3
2024-09-30 12:04:30,20.21,1.2
2024-09-30 12:04:31,20.19,1.23
2024-09-30 12:04:32,20.2,1.23
2024-09-30 12:04:33,20.21,1.17
2024-09-30 12:04:34,20.21,1.0
